"domain","url","path","page_title","h1","primary_intent","intent_source","indexing_directive","canonical","status","audit_result"
"1to1finds.cloud","https://1to1finds.cloud/en","/en","1to1 Finds Cloud | Independent Link and Image Evidence Archive","Keep the final link beside the visible evidence. Archive what changed and what remains unknown.","1to1finds independent product research","working editorial intent; verify against GSC before retargeting","index, follow","https://1to1finds.cloud/en","200","pass"
"1to1finds.cloud","https://1to1finds.cloud/en/categories","/en/categories","1to1 Finds Cloud Categories | Organize Dated Product Evidence","Archive different evidence fields for different product types.","1to1finds category research","working editorial intent; verify against GSC before retargeting","index, follow","https://1to1finds.cloud/en/categories","200","pass"
"1to1finds.cloud","https://1to1finds.cloud/en/decision-handoff","/en/decision-handoff","1to1 Finds Decision Handoff | Refresh Archived Evidence First","Reopen the live source before an archived record affects a new action.","1to1finds decision handoff","working editorial intent; verify against GSC before retargeting","index, follow","https://1to1finds.cloud/en/decision-handoff","200","pass"
"1to1finds.cloud","https://1to1finds.cloud/en/evidence-cloud","/en/evidence-cloud","1to1 Finds Evidence Cloud | Build a Dated Product Archive","Archive the review context, not just the product preview.","1to1finds evidence cloud","working editorial intent; verify against GSC before retargeting","index, follow","https://1to1finds.cloud/en/evidence-cloud","200","pass"
"1to1finds.cloud","https://1to1finds.cloud/en/faq","/en/faq","1to1 Finds Cloud FAQ | Archived Links, Images and Refreshes","Use the archive as history, then verify the present.","1to1finds questions and verification","working editorial intent; verify against GSC before retargeting","index, follow","https://1to1finds.cloud/en/faq","200","pass"
"1to1finds.cloud","https://1to1finds.cloud/en/image-review","/en/image-review","1to1 Finds Image Review Archive | Coverage and Consistency","Preserve what the reviewed image set could and could not show.","1to1finds image review","working editorial intent; verify against GSC before retargeting","index, follow","https://1to1finds.cloud/en/image-review","200","pass"
"1to1finds.cloud","https://1to1finds.cloud/en/link-ledger","/en/link-ledger","1to1 Finds Link Ledger | Track Redirects and Source Changes","Treat every destination change as a new evidence event.","1to1finds link ledger","working editorial intent; verify against GSC before retargeting","index, follow","https://1to1finds.cloud/en/link-ledger","200","pass"
"1to1finds.com","https://1to1finds.com/en","/en","1to1 Finds | Independent Product Discovery and Source Guide","Turn a product clue into a source you can review. Find broadly. Verify narrowly.","1to1finds independent product research","working editorial intent; verify against GSC before retargeting","index, follow","https://1to1finds.com/en","200","pass"
"1to1finds.com","https://1to1finds.com/en/categories","/en/categories","1to1 Finds Categories | Refine Product Discovery by Type","Let the product type define the search and the next check.","1to1finds category research","working editorial intent; verify against GSC before retargeting","index, follow","https://1to1finds.com/en/categories","200","pass"
"1to1finds.com","https://1to1finds.com/en/faq","/en/faq","1to1 Finds FAQ | Discovery, Sources and QC Questions","Know when a find is ready for the next check.","1to1finds questions and verification","working editorial intent; verify against GSC before retargeting","index, follow","https://1to1finds.com/en/faq","200","pass"
"1to1finds.com","https://1to1finds.com/en/finds-method","/en/finds-method","1to1 Finds Method | From Product Clue to Reviewable Source","Use discovery to create a better source question.","1to1finds finds method","working editorial intent; verify against GSC before retargeting","index, follow","https://1to1finds.com/en/finds-method","200","pass"
"1to1finds.com","https://1to1finds.com/en/qc-questions","/en/qc-questions","1to1 Finds QC Questions | Review Visible Product Images","Ask an image question that can produce a clear visible answer.","1to1finds qc questions","working editorial intent; verify against GSC before retargeting","index, follow","https://1to1finds.com/en/qc-questions","200","pass"
"1to1finds.com","https://1to1finds.com/en/search-vocabulary","/en/search-vocabulary","1to1 Finds Search Vocabulary | Build More Precise Queries","Choose words that narrow both the product and the later check.","1to1finds search vocabulary","working editorial intent; verify against GSC before retargeting","index, follow","https://1to1finds.com/en/search-vocabulary","200","pass"
"1to1finds.com","https://1to1finds.com/en/source-check","/en/source-check","1to1 Finds Source Check | Resolve Links Before Shortlisting","Inspect the destination before trusting the find card.","1to1finds source check","working editorial intent; verify against GSC before retargeting","index, follow","https://1to1finds.com/en/source-check","200","pass"
"1to1reps.com","https://1to1reps.com/en","/en","1to1Reps Product Research | Search, Source and QC Guide","Research 1to1 reps before choosing a source. Search first. Check the evidence.","1to1reps independent product research","working editorial intent; verify against GSC before retargeting","index, follow","https://1to1reps.com/en","200","pass"
"1to1reps.com","https://1to1reps.com/en/agent-guide","/en/agent-guide","1to1Reps Agent Guide | Separate Product and Service Checks","Finish the product record before comparing a service route.","1to1reps agent guide","working editorial intent; verify against GSC before retargeting","index, follow","https://1to1reps.com/en/agent-guide","200","pass"
"1to1reps.com","https://1to1reps.com/en/categories","/en/categories","1to1Reps Categories | Search with Product-Specific Evidence","Let the product category determine what evidence to collect.","1to1reps category research","working editorial intent; verify against GSC before retargeting","index, follow","https://1to1reps.com/en/categories","200","pass"
"1to1reps.com","https://1to1reps.com/en/faq","/en/faq","1to1Reps FAQ | Product Search, Sources and QC Evidence","Know what this research site does and does not establish.","1to1reps questions and verification","working editorial intent; verify against GSC before retargeting","index, follow","https://1to1reps.com/en/faq","200","pass"
"1to1reps.com","https://1to1reps.com/en/finds","/en/finds","1to1Reps Finds | From Product Clue to Reviewable Source","Keep a find only when its source can answer the next question.","1to1reps finds","working editorial intent; verify against GSC before retargeting","index, follow","https://1to1reps.com/en/finds","200","pass"
"1to1reps.com","https://1to1reps.com/en/qc-checklist","/en/qc-checklist","1to1Reps QC Checklist | Review Visible Product Evidence","Turn a general quality question into visible checks.","1to1reps qc checklist","working editorial intent; verify against GSC before retargeting","index, follow","https://1to1reps.com/en/qc-checklist","200","pass"
"1to1reps.com","https://1to1reps.com/en/source-safety","/en/source-safety","1to1Reps Source Safety | Resolve and Record Product Links","Know where a link ends before relying on its preview.","1to1reps source safety","working editorial intent; verify against GSC before retargeting","index, follow","https://1to1reps.com/en/source-safety","200","pass"
"1to1spreadsheet.com","https://1to1spreadsheet.com/en","/en","1to1 Spreadsheet | Independent Product Research Ledger","Build one evidence row at a time. Query. Source. Option. Open question.","1to1spreadsheet independent product research","working editorial intent; verify against GSC before retargeting","index, follow","https://1to1spreadsheet.com/en","200","pass"
"1to1spreadsheet.com","https://1to1spreadsheet.com/en/categories","/en/categories","1to1 Spreadsheet Categories | Product-Specific Evidence Fields","Change the row fields when the product category changes.","1to1spreadsheet category research","working editorial intent; verify against GSC before retargeting","index, follow","https://1to1spreadsheet.com/en/categories","200","pass"
"1to1spreadsheet.com","https://1to1spreadsheet.com/en/faq","/en/faq","1to1 Spreadsheet FAQ | Sources, QC Rows and Research Limits","Keep the sheet useful without making it responsible for the transaction.","1to1spreadsheet questions and verification","working editorial intent; verify against GSC before retargeting","index, follow","https://1to1spreadsheet.com/en/faq","200","pass"
"1to1spreadsheet.com","https://1to1spreadsheet.com/en/handoff-checklist","/en/handoff-checklist","1to1 Spreadsheet Handoff Checklist | From Row to External Review","Move the evidence forward without assigning a route inside the row.","1to1spreadsheet handoff checklist","working editorial intent; verify against GSC before retargeting","index, follow","https://1to1spreadsheet.com/en/handoff-checklist","200","pass"
"1to1spreadsheet.com","https://1to1spreadsheet.com/en/qc-record","/en/qc-record","1to1 Spreadsheet QC Record | Visible Image Review Fields","Describe what the image set shows and what it cannot answer.","1to1spreadsheet qc record","working editorial intent; verify against GSC before retargeting","index, follow","https://1to1spreadsheet.com/en/qc-record","200","pass"
"1to1spreadsheet.com","https://1to1spreadsheet.com/en/source-fields","/en/source-fields","1to1 Spreadsheet Source Fields | URL, Option and Review Date","Keep fields that survive a changed title or image.","1to1spreadsheet source fields","working editorial intent; verify against GSC before retargeting","index, follow","https://1to1spreadsheet.com/en/source-fields","200","pass"
"1to1spreadsheet.com","https://1to1spreadsheet.com/en/spreadsheet-method","/en/spreadsheet-method","1to1 Spreadsheet Method | Build Traceable Product Rows","Make each row small enough to verify and useful enough to reopen.","1to1spreadsheet spreadsheet method","working editorial intent; verify against GSC before retargeting","index, follow","https://1to1spreadsheet.com/en/spreadsheet-method","200","pass"
"acbuyindex.com","https://acbuyindex.com/en","/en","ACBuy Product Index | Search and Compare Listings","Find ACBuy-linked products. Shortlist before you buy.","acbuyindex independent product research","working editorial intent; verify against GSC before retargeting","index, follow","https://acbuyindex.com/en","200","pass"
"acbuyindex.com","https://acbuyindex.com/en/categories","/en/categories","ACBuy Index Categories | Product Research Fields by Type","Change the evidence checklist when the product type changes.","acbuyindex category research","working editorial intent; verify against GSC before retargeting","index, follow","https://acbuyindex.com/en/categories","200","pass"
"acbuyindex.com","https://acbuyindex.com/en/category-research","/en/category-research","ACBuy Category Research | Product Evidence by Type","Ask for the evidence that fits the product.","acbuyindex category research","working editorial intent; verify against GSC before retargeting","index, follow","https://acbuyindex.com/en/category-research","200","pass"
"acbuyindex.com","https://acbuyindex.com/en/directory","/en/directory","ACBuy Product Directory | Category Search Routes","Start with the product type, then add one useful constraint.","acbuyindex directory","working editorial intent; verify against GSC before retargeting","index, follow","https://acbuyindex.com/en/directory","200","pass"
"acbuyindex.com","https://acbuyindex.com/en/faq","/en/faq","ACBuy Index FAQ | Search, Product Evidence and Scope","What the index can answer, and what still needs confirmation.","acbuyindex questions and verification","working editorial intent; verify against GSC before retargeting","index, follow","https://acbuyindex.com/en/faq","200","pass"
"acbuyindex.com","https://acbuyindex.com/en/platform-guide","/en/platform-guide","How ACBuy Works | Independent Platform Research Guide","Keep product discovery separate from the transaction workflow.","acbuyindex platform guide","working editorial intent; verify against GSC before retargeting","index, follow","https://acbuyindex.com/en/platform-guide","200","pass"
"acbuyindex.com","https://acbuyindex.com/en/safety-research","/en/safety-research","ACBuy Safety Research | Product and Shipping Checklist","Reduce avoidable uncertainty before an order.","acbuyindex safety research","working editorial intent; verify against GSC before retargeting","index, follow","https://acbuyindex.com/en/safety-research","200","pass"
"allchinabuyfinder.com","https://allchinabuyfinder.com/en","/en","AllChinaBuy Finder | Browse Categories and Build Better Queries","Start with a product direction. Build a query worth checking.","allchinabuyfinder independent product research","working editorial intent; verify against GSC before retargeting","index, follow","https://allchinabuyfinder.com/en","200","pass"
"allchinabuyfinder.com","https://allchinabuyfinder.com/en/categories","/en/categories","AllChinaBuy Product Categories | Finder Directory","Choose the product family before building the query.","allchinabuyfinder category research","working editorial intent; verify against GSC before retargeting","index, follow","https://allchinabuyfinder.com/en/categories","200","pass"
"allchinabuyfinder.com","https://allchinabuyfinder.com/en/faq","/en/faq","AllChinaBuy Finder FAQ | Search and Category Help","Understand what the finder can narrow and what it cannot verify.","allchinabuyfinder questions and verification","working editorial intent; verify against GSC before retargeting","index, follow","https://allchinabuyfinder.com/en/faq","200","pass"
"allchinabuyfinder.com","https://allchinabuyfinder.com/en/finder-guide","/en/finder-guide","How to Find AllChinaBuy Products | Query Guide","Turn a product idea into a query worth checking.","allchinabuyfinder finder guide","working editorial intent; verify against GSC before retargeting","index, follow","https://allchinabuyfinder.com/en/finder-guide","200","pass"
"allchinabuyfinder.com","https://allchinabuyfinder.com/en/product-checklist","/en/product-checklist","AllChinaBuy Product Search Checklist | Finder Review","Check the result, not just the product headline.","allchinabuyfinder product checklist","working editorial intent; verify against GSC before retargeting","index, follow","https://allchinabuyfinder.com/en/product-checklist","200","pass"
"allchinabuyfinder.com","https://allchinabuyfinder.com/en/search-ideas","/en/search-ideas","AllChinaBuy Search Ideas | Product Query Patterns","Make the query smaller, clearer and easier to refine.","allchinabuyfinder search ideas","working editorial intent; verify against GSC before retargeting","index, follow","https://allchinabuyfinder.com/en/search-ideas","200","pass"
"allchinabuyindex.com","https://allchinabuyindex.com/en","/en","AllChinaBuy Product Index | Search and Compare Listings","Search the AllChinaBuy index. Compare with a clear checklist.","allchinabuyindex independent product research","working editorial intent; verify against GSC before retargeting","index, follow","https://allchinabuyindex.com/en","200","pass"
"allchinabuyindex.com","https://allchinabuyindex.com/en/categories","/en/categories","AllChinaBuy Categories | Structured Research Directory","Choose the product class, then preserve the right evidence.","allchinabuyindex category research","working editorial intent; verify against GSC before retargeting","index, follow","https://allchinabuyindex.com/en/categories","200","pass"
"allchinabuyindex.com","https://allchinabuyindex.com/en/faq","/en/faq","AllChinaBuy Index FAQ | Sources, Records and Scope","Know which record answers each research question.","allchinabuyindex questions and verification","working editorial intent; verify against GSC before retargeting","index, follow","https://allchinabuyindex.com/en/faq","200","pass"
"allchinabuyindex.com","https://allchinabuyindex.com/en/guide","/en/guide","AllChinaBuy Guide | From Source Link to Parcel Plan","Move from a traceable source to a reviewable parcel plan.","allchinabuyindex guide","working editorial intent; verify against GSC before retargeting","index, follow","https://allchinabuyindex.com/en/guide","200","pass"
"allchinabuyindex.com","https://allchinabuyindex.com/en/regions","/en/regions","AllChinaBuy Region Guide | Destination and Route Checks","Make the destination part of the parcel research.","allchinabuyindex regions","working editorial intent; verify against GSC before retargeting","index, follow","https://allchinabuyindex.com/en/regions","200","pass"
"allchinabuyindex.com","https://allchinabuyindex.com/en/research-log","/en/research-log","AllChinaBuy Research Log | Listing and Warehouse Records","Keep claims, observations and decisions in separate records.","allchinabuyindex research log","working editorial intent; verify against GSC before retargeting","index, follow","https://allchinabuyindex.com/en/research-log","200","pass"
"allchinabuyindex.com","https://allchinabuyindex.com/en/shipping-checklist","/en/shipping-checklist","AllChinaBuy Shipping Checklist | Parcel Decision Guide","Build the parcel decision from recorded evidence.","allchinabuyindex shipping checklist","working editorial intent; verify against GSC before retargeting","index, follow","https://allchinabuyindex.com/en/shipping-checklist","200","pass"
"bbdbuyeufinds.com","https://bbdbuyeufinds.com/en","/en","BBDbuyEU Finds | Independent EU Product Discovery Guide","Start with the category, not the route. Keep EU questions beside every find.","bbdbuyeufinds independent product research","working editorial intent; verify against GSC before retargeting","index, follow","https://bbdbuyeufinds.com/en","200","pass"
"bbdbuyeufinds.com","https://bbdbuyeufinds.com/en/categories","/en/categories","BBDbuy EU Finds Categories | Product Research Routes","Choose a category by the decision it needs to support.","bbdbuyeufinds category research","working editorial intent; verify against GSC before retargeting","index, follow","https://bbdbuyeufinds.com/en/categories","200","pass"
"bbdbuyeufinds.com","https://bbdbuyeufinds.com/en/eu-finds","/en/eu-finds","BBDbuy EU Finds | Build a Product Research Brief","Make the product phrase testable before you search.","bbdbuyeufinds eu finds","working editorial intent; verify against GSC before retargeting","index, follow","https://bbdbuyeufinds.com/en/eu-finds","200","pass"
"bbdbuyeufinds.com","https://bbdbuyeufinds.com/en/eu-guide","/en/eu-guide","BBDbuy EU Guide | Regional Product Questions to Verify","Send each question to the source that can answer it.","bbdbuyeufinds eu guide","working editorial intent; verify against GSC before retargeting","index, follow","https://bbdbuyeufinds.com/en/eu-guide","200","pass"
"bbdbuyeufinds.com","https://bbdbuyeufinds.com/en/faq","/en/faq","BBDbuy EU Finds FAQ | Search, QC and Shipping Sources","Know which answer still needs a live source.","bbdbuyeufinds questions and verification","working editorial intent; verify against GSC before retargeting","index, follow","https://bbdbuyeufinds.com/en/faq","200","pass"
"bbdbuyeufinds.com","https://bbdbuyeufinds.com/en/qc-checklist","/en/qc-checklist","BBDbuy QC Checklist | Review Product Photo Evidence","Match the item before judging the finish.","bbdbuyeufinds qc checklist","working editorial intent; verify against GSC before retargeting","index, follow","https://bbdbuyeufinds.com/en/qc-checklist","200","pass"
"bbdbuyeufinds.com","https://bbdbuyeufinds.com/en/shipping-planner","/en/shipping-planner","BBDbuy EU Shipping Planner | Prepare Estimate Inputs","Compare routes from a stable parcel record.","bbdbuyeufinds shipping planner","working editorial intent; verify against GSC before retargeting","index, follow","https://bbdbuyeufinds.com/en/shipping-planner","200","pass"
"bbdbuyeus.com","https://bbdbuyeus.com/en","/en","BBDbuy US Guide | Product Search and Parcel Planning","Research the item before the route. Plan the US parcel with real measurements.","bbdbuyeus independent product research","working editorial intent; verify against GSC before retargeting","index, follow","https://bbdbuyeus.com/en","200","pass"
"bbdbuyeus.com","https://bbdbuyeus.com/en/categories","/en/categories","BBDbuy US Categories | Product Evidence Before Parcel Planning","Choose the product fields before planning the US parcel.","bbdbuyeus category research","working editorial intent; verify against GSC before retargeting","index, follow","https://bbdbuyeus.com/en/categories","200","pass"
"bbdbuyeus.com","https://bbdbuyeus.com/en/faq","/en/faq","BBDbuy US FAQ | Search, Warehouse and Parcel Questions","Keep product facts and parcel facts in the right stage.","bbdbuyeus questions and verification","working editorial intent; verify against GSC before retargeting","index, follow","https://bbdbuyeus.com/en/faq","200","pass"
"bbdbuyeus.com","https://bbdbuyeus.com/en/order-workflow","/en/order-workflow","BBDbuy Order Workflow | Independent US Buyer Guide","Keep every handoff tied to the exact item.","bbdbuyeus order workflow","working editorial intent; verify against GSC before retargeting","index, follow","https://bbdbuyeus.com/en/order-workflow","200","pass"
"bbdbuyeus.com","https://bbdbuyeus.com/en/parcel-checklist","/en/parcel-checklist","BBDbuy US Parcel Checklist | Before Shipping Submission","Review the parcel that actually exists.","bbdbuyeus parcel checklist","working editorial intent; verify against GSC before retargeting","index, follow","https://bbdbuyeus.com/en/parcel-checklist","200","pass"
"bbdbuyeus.com","https://bbdbuyeus.com/en/search-guide","/en/search-guide","BBDbuy Product Search Guide for US Buyers","Use item language before label language.","bbdbuyeus search guide","working editorial intent; verify against GSC before retargeting","index, follow","https://bbdbuyeus.com/en/search-guide","200","pass"
"bbdbuyeus.com","https://bbdbuyeus.com/en/us-shipping","/en/us-shipping","BBDbuy US Shipping Guide | Weight, Size and Route Checks","Compare the route as a whole, not one displayed number.","bbdbuyeus us shipping","working editorial intent; verify against GSC before retargeting","index, follow","https://bbdbuyeus.com/en/us-shipping","200","pass"
"bbdbuyeusheet.com","https://bbdbuyeusheet.com/en","/en","BBDbuyEU Spreadsheet | Product Research &amp; Source Checklist","Turn every result into one useful row. Keep the source beside the claim.","bbdbuyeusheet independent product research","working editorial intent; verify against GSC before retargeting","index, follow","https://bbdbuyeusheet.com/en","200","pass"
"bbdbuyeusheet.com","https://bbdbuyeusheet.com/en/categories","/en/categories","BBDbuy EU Sheet Category Directory","Group listings by the evidence they need.","bbdbuyeusheet category research","working editorial intent; verify against GSC before retargeting","index, follow","https://bbdbuyeusheet.com/en/categories","200","pass"
"bbdbuyeusheet.com","https://bbdbuyeusheet.com/en/checklist","/en/checklist","BBDbuy EU Product Research Checklist","Use the checklist as a stop signal.","bbdbuyeusheet checklist","working editorial intent; verify against GSC before retargeting","index, follow","https://bbdbuyeusheet.com/en/checklist","200","pass"
"bbdbuyeusheet.com","https://bbdbuyeusheet.com/en/eu-sheet","/en/eu-sheet","How to Read a BBDbuy EU Product Sheet","Give every row a reason to exist.","bbdbuyeusheet eu sheet","working editorial intent; verify against GSC before retargeting","index, follow","https://bbdbuyeusheet.com/en/eu-sheet","200","pass"
"bbdbuyeusheet.com","https://bbdbuyeusheet.com/en/faq","/en/faq","BBDbuy EU Sheet FAQ | Product Research Fields","A small field set is easier to verify.","bbdbuyeusheet questions and verification","working editorial intent; verify against GSC before retargeting","index, follow","https://bbdbuyeusheet.com/en/faq","200","pass"
"boonbuyfind.net","https://boonbuyfind.net/en","/en","BoonBuy Product Finder | Search and Review Listing Evidence","Find the item. Keep the evidence. Verify before the handoff.","boonbuyfind independent product research","working editorial intent; verify against GSC before retargeting","index, follow","https://boonbuyfind.net/en","200","pass"
"boonbuyfind.net","https://boonbuyfind.net/en/categories","/en/categories","BoonBuy Product Categories | Build a Source-Ready Search","Let the product type decide which evidence belongs in the record.","boonbuyfind category research","working editorial intent; verify against GSC before retargeting","index, follow","https://boonbuyfind.net/en/categories","200","pass"
"boonbuyfind.net","https://boonbuyfind.net/en/faq","/en/faq","BoonBuy Find FAQ | Search, QC, Sources and Shipping Scope","Know when the discovery record ends and a current service check begins.","boonbuyfind questions and verification","working editorial intent; verify against GSC before retargeting","index, follow","https://boonbuyfind.net/en/faq","200","pass"
"boonbuyfind.net","https://boonbuyfind.net/en/platform-guide","/en/platform-guide","How BoonBuy Works | Independent Research Handoff Guide","Carry the product record forward without mixing the service stages.","boonbuyfind platform guide","working editorial intent; verify against GSC before retargeting","index, follow","https://boonbuyfind.net/en/platform-guide","200","pass"
"boonbuyfind.net","https://boonbuyfind.net/en/product-checklist","/en/product-checklist","BoonBuy Product Checklist | Option, Evidence and Unknowns","A find becomes useful when another person can reproduce the check.","boonbuyfind product checklist","working editorial intent; verify against GSC before retargeting","index, follow","https://boonbuyfind.net/en/product-checklist","200","pass"
"boonbuyfind.net","https://boonbuyfind.net/en/search-guide","/en/search-guide","How to Search BoonBuy Products | Query and Source Guide","Start with one decision the search result must help you make.","boonbuyfind search guide","working editorial intent; verify against GSC before retargeting","index, follow","https://boonbuyfind.net/en/search-guide","200","pass"
"boonbuyindex.com","https://boonbuyindex.com/en","/en","BoonBuy Spreadsheet &amp; Product Index | Search Guide","Keep the query beside every result. Index evidence, not assumptions.","boonbuyindex independent product research","working editorial intent; verify against GSC before retargeting","index, follow","https://boonbuyindex.com/en","200","pass"
"boonbuyindex.com","https://boonbuyindex.com/en/boonbuy-products","/en/boonbuy-products","BoonBuy Products | Build a Reviewed Product Index","Keep one useful record for each source and intended option.","boonbuyindex boonbuy products","working editorial intent; verify against GSC before retargeting","index, follow","https://boonbuyindex.com/en/boonbuy-products","200","pass"
"boonbuyindex.com","https://boonbuyindex.com/en/categories","/en/categories","BoonBuy Index Categories | Query and Source Fields by Product","Use the category to structure the row, not replace the source.","boonbuyindex category research","working editorial intent; verify against GSC before retargeting","index, follow","https://boonbuyindex.com/en/categories","200","pass"
"boonbuyindex.com","https://boonbuyindex.com/en/faq","/en/faq","BoonBuy Index FAQ | Products, Duplicates and Google Review Gate","Know why a collected result can remain outside the public index.","boonbuyindex questions and verification","working editorial intent; verify against GSC before retargeting","index, follow","https://boonbuyindex.com/en/faq","200","pass"
"boonbuyindex.com","https://boonbuyindex.com/en/query-method","/en/query-method","BoonBuy Search Method | Query, Source and Evidence Fields","Write the question first, then judge whether a result answers it.","boonbuyindex query method","working editorial intent; verify against GSC before retargeting","index, follow","https://boonbuyindex.com/en/query-method","200","pass"
"boonbuyindex.com","https://boonbuyindex.com/en/route-boundaries","/en/route-boundaries","BoonBuy Route Boundaries | Separate Product and Service Research","Use the record created at the stage responsible for the fact.","boonbuyindex route boundaries","working editorial intent; verify against GSC before retargeting","index, follow","https://boonbuyindex.com/en/route-boundaries","200","pass"
"boonbuyindex.com","https://boonbuyindex.com/en/source-checklist","/en/source-checklist","BoonBuy Source Checklist | Review Product Links Before Retaining","A row enters the index only when another reviewer can reopen the evidence.","boonbuyindex source checklist","working editorial intent; verify against GSC before retargeting","index, follow","https://boonbuyindex.com/en/source-checklist","200","pass"
"cnshopperindex.com","https://cnshopperindex.com/en","/en","CNShopper Product Index | Search, Compare and Check the Source","Find the product before you open the cart. Keep every handoff easy to verify.","cnshopperindex independent product research","working editorial intent; verify against GSC before retargeting","index, follow","https://cnshopperindex.com/en","200","pass"
"cnshopperindex.com","https://cnshopperindex.com/en/categories","/en/categories","CNShopper Index Categories | Category-Led Source Checks","Let the category define the source check before the handoff.","cnshopperindex category research","working editorial intent; verify against GSC before retargeting","index, follow","https://cnshopperindex.com/en/categories","200","pass"
"cnshopperindex.com","https://cnshopperindex.com/en/category-map","/en/category-map","CNShopper Category Map | Plan Product-Specific Comparisons","Let the category decide which fields belong in the comparison.","cnshopperindex category map","working editorial intent; verify against GSC before retargeting","index, follow","https://cnshopperindex.com/en/category-map","200","pass"
"cnshopperindex.com","https://cnshopperindex.com/en/cnshopper-products","/en/cnshopper-products","CNShopper Products | Browse Categories and Preserve Source Context","Move from a broad category to one reproducible product record.","cnshopperindex cnshopper products","working editorial intent; verify against GSC before retargeting","index, follow","https://cnshopperindex.com/en/cnshopper-products","200","pass"
"cnshopperindex.com","https://cnshopperindex.com/en/faq","/en/faq","CNShopper Index FAQ | Categories, Sources and Indexing Review","Know what the catalog can answer and when another record is required.","cnshopperindex questions and verification","working editorial intent; verify against GSC before retargeting","index, follow","https://cnshopperindex.com/en/faq","200","pass"
"cnshopperindex.com","https://cnshopperindex.com/en/order-handoff","/en/order-handoff","CNShopper Order Handoff | Product, Warehouse and Parcel Records","Attach the right evidence to each step after product discovery.","cnshopperindex order handoff","working editorial intent; verify against GSC before retargeting","index, follow","https://cnshopperindex.com/en/order-handoff","200","pass"
"cnshopperindex.com","https://cnshopperindex.com/en/source-checklist","/en/source-checklist","CNShopper Source Checklist | Product Link and Option Review","Keep missing fields visible instead of completing them with seller language.","cnshopperindex source checklist","working editorial intent; verify against GSC before retargeting","index, follow","https://cnshopperindex.com/en/source-checklist","200","pass"
"cssbuycatalog.com","https://cssbuycatalog.com/en","/en","CSSBuy Catalog | Browse Product Categories and Listings","Browse by product type. Compare the details that matter.","cssbuycatalog independent product research","working editorial intent; verify against GSC before retargeting","index, follow","https://cssbuycatalog.com/en","200","pass"
"cssbuycatalog.com","https://cssbuycatalog.com/en/categories","/en/categories","CSSBuy Catalog Categories and Product Search Routes","Choose what you want to compare before opening products.","cssbuycatalog category research","working editorial intent; verify against GSC before retargeting","index, follow","https://cssbuycatalog.com/en/categories","200","pass"
"cssbuycatalog.com","https://cssbuycatalog.com/en/faq","/en/faq","CSSBuy Catalog FAQ | Spreadsheet, USA and Forwarding","Use the catalog for discovery and current sources for decisions.","cssbuycatalog questions and verification","working editorial intent; verify against GSC before retargeting","index, follow","https://cssbuycatalog.com/en/faq","200","pass"
"cssbuycatalog.com","https://cssbuycatalog.com/en/forwarding","/en/forwarding","CSSBuy Forwarding Service | Ship For Me Research Guide","Keep forwarding separate from product discovery.","cssbuycatalog forwarding","working editorial intent; verify against GSC before retargeting","index, follow","https://cssbuycatalog.com/en/forwarding","200","pass"
"cssbuycatalog.com","https://cssbuycatalog.com/en/guide","/en/guide","How to Buy From CSSBuy | Practical Research Guide","Check the record before every handoff.","cssbuycatalog guide","working editorial intent; verify against GSC before retargeting","index, follow","https://cssbuycatalog.com/en/guide","200","pass"
"cssbuycatalog.com","https://cssbuycatalog.com/en/safety","/en/safety","Is CSSBuy Legit and Safe? Independent Catalog Checklist","Verify the evidence that matches the decision.","cssbuycatalog safety","working editorial intent; verify against GSC before retargeting","index, follow","https://cssbuycatalog.com/en/safety","200","pass"
"cssbuycatalog.com","https://cssbuycatalog.com/en/spreadsheet","/en/spreadsheet","CSSBuy Spreadsheet | Find and Refresh Product Links","Treat every spreadsheet row as a lead, not a live fact.","cssbuycatalog spreadsheet","working editorial intent; verify against GSC before retargeting","index, follow","https://cssbuycatalog.com/en/spreadsheet","200","pass"
"cssbuycatalog.com","https://cssbuycatalog.com/en/usa","/en/usa","Does CSSBuy Work for USA? Current Route Checklist","Confirm the full route for the full parcel.","cssbuycatalog usa","working editorial intent; verify against GSC before retargeting","index, follow","https://cssbuycatalog.com/en/usa","200","pass"
"cssbuyindex.com","https://cssbuyindex.com/en","/en","CSSBuy Guide | Product Links, Warehouse and Forwarding","Search with a precise product phrase. Review the fields before the route.","cssbuyindex independent product research","working editorial intent; verify against GSC before retargeting","index, follow","https://cssbuyindex.com/en","200","pass"
"cssbuyindex.com","https://cssbuyindex.com/en/categories","/en/categories","CSSBuy Spreadsheet Categories | Research by Product Type","Start with a comparable product group.","cssbuyindex category research","working editorial intent; verify against GSC before retargeting","index, follow","https://cssbuyindex.com/en/categories","200","pass"
"cssbuyindex.com","https://cssbuyindex.com/en/cssbuy-score","/en/cssbuy-score","CSSBuy Score | Product Link Quality Checklist","Use the score before saving a product record.","cssbuyindex cssbuy score","working editorial intent; verify against GSC before retargeting","index, follow","https://cssbuyindex.com/en/cssbuy-score","200","pass"
"cssbuyindex.com","https://cssbuyindex.com/en/faq","/en/faq","CSSBuy Index FAQ | Spreadsheet, Safety and USA Forwarding","Know what the index records and what it cannot prove.","cssbuyindex questions and verification","working editorial intent; verify against GSC before retargeting","index, follow","https://cssbuyindex.com/en/faq","200","pass"
"cssbuyindex.com","https://cssbuyindex.com/en/forwarding","/en/forwarding","CSSBuy Warehouse Guide | Address, Receipt and USA Forwarding","Use the current account address, then track each delivery stage separately.","cssbuyindex forwarding","working editorial intent; verify against GSC before retargeting","index, follow","https://cssbuyindex.com/en/forwarding","200","pass"
"cssbuyindex.com","https://cssbuyindex.com/en/guide","/en/guide","How to Use CSSBuy | Independent Product Research Guide","Move from a query to a traceable product record.","cssbuyindex guide","working editorial intent; verify against GSC before retargeting","index, follow","https://cssbuyindex.com/en/guide","200","pass"
"cssbuyindex.com","https://cssbuyindex.com/en/safety","/en/safety","Is CSSBuy Legit and Safe? Layered Research Checklist","Do not compress several risks into one verdict.","cssbuyindex safety","working editorial intent; verify against GSC before retargeting","index, follow","https://cssbuyindex.com/en/safety","200","pass"
"cssbuyindex.com","https://cssbuyindex.com/en/search-ideas","/en/search-ideas","CSSBuy Spreadsheet Search | Build a Useful Shortlist","Make every query produce a decision, not more noise.","cssbuyindex search ideas","working editorial intent; verify against GSC before retargeting","index, follow","https://cssbuyindex.com/en/search-ideas","200","pass"
"cssbuyitems.com","https://cssbuyitems.com/en","/en","CSSBuy Items | Review Listings and Product Options","Review individual CSSBuy-linked items. Inspect the listing before the route.","cssbuyitems independent product research","working editorial intent; verify against GSC before retargeting","index, follow","https://cssbuyitems.com/en","200","pass"
"cssbuyitems.com","https://cssbuyitems.com/en/categories","/en/categories","CSSBuy Item Categories | Current Product Search Fields","Use the category to choose the next evidence field.","cssbuyitems category research","working editorial intent; verify against GSC before retargeting","index, follow","https://cssbuyitems.com/en/categories","200","pass"
"cssbuyitems.com","https://cssbuyitems.com/en/cssbuy-score","/en/cssbuy-score","CSSBuy Item Score | Product Link Review Checklist","Review the link before you keep it.","cssbuyitems cssbuy score","working editorial intent; verify against GSC before retargeting","index, follow","https://cssbuyitems.com/en/cssbuy-score","200","pass"
"cssbuyitems.com","https://cssbuyitems.com/en/faq","/en/faq","CSSBuy Items FAQ | Search, Safety and USA Shipping","Separate the product answer from the service answer.","cssbuyitems questions and verification","working editorial intent; verify against GSC before retargeting","index, follow","https://cssbuyitems.com/en/faq","200","pass"
"cssbuyitems.com","https://cssbuyitems.com/en/guide","/en/guide","How to Buy From CSSBuy | Independent Item Workflow","Keep the exact product attached to every step.","cssbuyitems guide","working editorial intent; verify against GSC before retargeting","index, follow","https://cssbuyitems.com/en/guide","200","pass"
"cssbuyitems.com","https://cssbuyitems.com/en/safety","/en/safety","Is CSSBuy Safe and Legit? Independent Evidence Checklist","Research the exact transaction, not a general label.","cssbuyitems safety","working editorial intent; verify against GSC before retargeting","index, follow","https://cssbuyitems.com/en/safety","200","pass"
"cssbuyitems.com","https://cssbuyitems.com/en/search-ideas","/en/search-ideas","CSSBuy Item Search Ideas | Build Better Product Queries","Build the query in layers.","cssbuyitems search ideas","working editorial intent; verify against GSC before retargeting","index, follow","https://cssbuyitems.com/en/search-ideas","200","pass"
"cssbuyitems.com","https://cssbuyitems.com/en/shipping","/en/shipping","CSSBuy USA Forwarding | Parcel and Shipping Checklist","Decide from the measured parcel, not the product card.","cssbuyitems shipping","working editorial intent; verify against GSC before retargeting","index, follow","https://cssbuyitems.com/en/shipping","200","pass"
"dgobuyindex.com","https://dgobuyindex.com/en","/en","DgoBuy Guide | Purchase Orders, Transshipment and Inspection","Keep DgoBuy purchase and transshipment evidence in separate rows. One order type. One traceable source chain.","dgobuyindex independent product research","working editorial intent; verify against GSC before retargeting","index, follow","https://dgobuyindex.com/en","200","pass"
"dgobuyindex.com","https://dgobuyindex.com/en/categories","/en/categories","DgoBuy Order Types and Product Restrictions","Order Types and Product Restrictions for DgoBuy research.","dgobuyindex category research","working editorial intent; verify against GSC before retargeting","index, follow","https://dgobuyindex.com/en/categories","200","pass"
"dgobuyindex.com","https://dgobuyindex.com/en/faq","/en/faq","DgoBuy Purchase Orders, Transshipment and Inspection","DgoBuy questions answered from the responsible evidence stage.","dgobuyindex questions and verification","working editorial intent; verify against GSC before retargeting","index, follow","https://dgobuyindex.com/en/faq","200","pass"
"dgobuyindex.com","https://dgobuyindex.com/en/guide","/en/guide","DgoBuy Purchase Versus Transshipment Workflow","Keep DgoBuy purchase and transshipment evidence in separate rows.","dgobuyindex guide","working editorial intent; verify against GSC before retargeting","index, follow","https://dgobuyindex.com/en/guide","200","pass"
"dgobuyindex.com","https://dgobuyindex.com/en/qc-checklist","/en/qc-checklist","DgoBuy Inspection Guidelines and Exceptions","Compare DgoBuy QC evidence with the exact saved request.","dgobuyindex qc checklist","working editorial intent; verify against GSC before retargeting","index, follow","https://dgobuyindex.com/en/qc-checklist","200","pass"
"dgobuyindex.com","https://dgobuyindex.com/en/safety","/en/safety","DgoBuy Order, Payment and After-Sale Records","Evaluate the current DgoBuy evidence chain by stage.","dgobuyindex safety","working editorial intent; verify against GSC before retargeting","index, follow","https://dgobuyindex.com/en/safety","200","pass"
"dgobuyindex.com","https://dgobuyindex.com/en/shipping","/en/shipping","DgoBuy Estimator, Restrictions and Tracking","Build a DgoBuy parcel record from confirmed inputs.","dgobuyindex shipping","working editorial intent; verify against GSC before retargeting","index, follow","https://dgobuyindex.com/en/shipping","200","pass"
"dgobuyindex.com","https://dgobuyindex.com/en/source-check","/en/source-check","DgoBuy Original Link and Order Identity","Keep every DgoBuy result attached to the responsible source.","dgobuyindex source check","working editorial intent; verify against GSC before retargeting","index, follow","https://dgobuyindex.com/en/source-check","200","pass"
"eastmallbuyindex.com","https://eastmallbuyindex.com/en","/en","EastMallBuy Guide | QC Checks and Verified Product Shortlists","Keep the listings that answer the next question. Drop weak results before route research.","eastmallbuyindex independent product research","working editorial intent; verify against GSC before retargeting","index, follow","https://eastmallbuyindex.com/en","200","pass"
"eastmallbuyindex.com","https://eastmallbuyindex.com/en/categories","/en/categories","EastMallBuy Spreadsheet Categories | Evidence by Product Type","Change the evidence checklist when the product category changes.","eastmallbuyindex category research","working editorial intent; verify against GSC before retargeting","index, follow","https://eastmallbuyindex.com/en/categories","200","pass"
"eastmallbuyindex.com","https://eastmallbuyindex.com/en/faq","/en/faq","EastMallBuy FAQ | Spreadsheet, Inspection and Referral Research","Keep the source responsible for each EastMallBuy question clear.","eastmallbuyindex questions and verification","working editorial intent; verify against GSC before retargeting","index, follow","https://eastmallbuyindex.com/en/faq","200","pass"
"eastmallbuyindex.com","https://eastmallbuyindex.com/en/guide","/en/guide","EastMallBuy Guide | From Product Source to Parcel Check","Move from listing to parcel without collapsing the evidence stages.","eastmallbuyindex guide","working editorial intent; verify against GSC before retargeting","index, follow","https://eastmallbuyindex.com/en/guide","200","pass"
"eastmallbuyindex.com","https://eastmallbuyindex.com/en/legit","/en/legit","Is EastMallBuy Legit? Independent Evidence Checklist","Replace a yes-or-no legitimacy label with checks you can repeat.","eastmallbuyindex legit","working editorial intent; verify against GSC before retargeting","index, follow","https://eastmallbuyindex.com/en/legit","200","pass"
"eastmallbuyindex.com","https://eastmallbuyindex.com/en/reddit","/en/reddit","EastMallBuy Reddit Research | Read Community Posts as Evidence","Use Reddit posts to form questions, not to replace current evidence.","eastmallbuyindex reddit","working editorial intent; verify against GSC before retargeting","index, follow","https://eastmallbuyindex.com/en/reddit","200","pass"
"eastmallbuyindex.com","https://eastmallbuyindex.com/en/referral-code","/en/referral-code","EastMallBuy Referral Code Checks | Verify Eligibility and Terms","Do not publish a referral code until the current terms can be reopened.","eastmallbuyindex referral code","working editorial intent; verify against GSC before retargeting","index, follow","https://eastmallbuyindex.com/en/referral-code","200","pass"
"eastmallbuyindex.com","https://eastmallbuyindex.com/en/spreadsheet","/en/spreadsheet","EastMallBuy Spreadsheet Guide | Check Links Before Saving Rows","Treat every spreadsheet row as a lead that must earn retention.","eastmallbuyindex spreadsheet","working editorial intent; verify against GSC before retargeting","index, follow","https://eastmallbuyindex.com/en/spreadsheet","200","pass"
"fishgooindex.com","https://fishgooindex.com/en","/en","Fishgoo Product Index | Search Links, Images and Sources","Choose the search mode before the product. Explore broadly. Verify precisely.","fishgooindex independent product research","working editorial intent; verify against GSC before retargeting","index, follow","https://fishgooindex.com/en","200","pass"
"fishgooindex.com","https://fishgooindex.com/en/categories","/en/categories","Fishgoo Spreadsheet Categories | Product-Specific Search Fields","Use category-specific fields to create comparable Fishgoo leads.","fishgooindex category research","working editorial intent; verify against GSC before retargeting","index, follow","https://fishgooindex.com/en/categories","200","pass"
"fishgooindex.com","https://fishgooindex.com/en/faq","/en/faq","Fishgoo FAQ | Spreadsheet, QC, Shipping and Safety Research","Know which Fishgoo evidence layer answers the current question.","fishgooindex questions and verification","working editorial intent; verify against GSC before retargeting","index, follow","https://fishgooindex.com/en/faq","200","pass"
"fishgooindex.com","https://fishgooindex.com/en/fishgoo-checklist","/en/fishgoo-checklist","Fishgoo Spreadsheet Checklist | Product Link Quality Gate","Do not let an automatically collected Fishgoo row enter search by default.","fishgooindex fishgoo checklist","working editorial intent; verify against GSC before retargeting","index, follow","https://fishgooindex.com/en/fishgoo-checklist","200","pass"
"fishgooindex.com","https://fishgooindex.com/en/guide","/en/guide","Fishgoo Guide | Spreadsheet, QC and Parcel Research","Follow the evidence from product link to measured parcel.","fishgooindex guide","working editorial intent; verify against GSC before retargeting","index, follow","https://fishgooindex.com/en/guide","200","pass"
"fishgooindex.com","https://fishgooindex.com/en/safety","/en/safety","Is Fishgoo Safe and Legit? Independent Research Checklist","Evaluate Fishgoo through repeatable checks, not a single rating.","fishgooindex safety","working editorial intent; verify against GSC before retargeting","index, follow","https://fishgooindex.com/en/safety","200","pass"
"fishgooindex.com","https://fishgooindex.com/en/search-ideas","/en/search-ideas","Fishgoo Search Ideas | Spreadsheet and Product Queries","Choose a broad, exact or visual search according to what you know.","fishgooindex search ideas","working editorial intent; verify against GSC before retargeting","index, follow","https://fishgooindex.com/en/search-ideas","200","pass"
"fishgooindex.com","https://fishgooindex.com/en/shipping","/en/shipping","Fishgoo Shipping Research | Weight, Consolidation and Route Inputs","Estimate shipping only after the item becomes a measured parcel.","fishgooindex shipping","working editorial intent; verify against GSC before retargeting","index, follow","https://fishgooindex.com/en/shipping","200","pass"
"goatedbuyindex.com","https://goatedbuyindex.com/en","/en","GoatedBuy Product Index | Independent Listings &amp; Safety Guide","Make every result earn its place. Score relevance before route research.","goatedbuyindex independent product research","working editorial intent; verify against GSC before retargeting","index, follow","https://goatedbuyindex.com/en","200","pass"
"goatedbuyindex.com","https://goatedbuyindex.com/en/categories","/en/categories","GoatedBuy Spreadsheet Categories | Product Evidence Map","A category should change the questions asked of the listing.","goatedbuyindex category research","working editorial intent; verify against GSC before retargeting","index, follow","https://goatedbuyindex.com/en/categories","200","pass"
"goatedbuyindex.com","https://goatedbuyindex.com/en/faq","/en/faq","GoatedBuy FAQ | Spreadsheet, Score, Shipping and Safety","Keep shortlist value separate from transaction claims.","goatedbuyindex questions and verification","working editorial intent; verify against GSC before retargeting","index, follow","https://goatedbuyindex.com/en/faq","200","pass"
"goatedbuyindex.com","https://goatedbuyindex.com/en/goatedbuy-score","/en/goatedbuy-score","GoatedBuy Score | Rank Listing Evidence, Not Product Quality","Score whether a candidate can be reviewed, not whether it is good.","goatedbuyindex goatedbuy score","working editorial intent; verify against GSC before retargeting","index, follow","https://goatedbuyindex.com/en/goatedbuy-score","200","pass"
"goatedbuyindex.com","https://goatedbuyindex.com/en/guide","/en/guide","GoatedBuy Guide | Build and Recheck a Product Shortlist","Reduce the result set before service or route research begins.","goatedbuyindex guide","working editorial intent; verify against GSC before retargeting","index, follow","https://goatedbuyindex.com/en/guide","200","pass"
"goatedbuyindex.com","https://goatedbuyindex.com/en/safety","/en/safety","Is GoatedBuy Safe and Legit? Independent Evidence Checklist","Use dated evidence layers instead of a permanent yes-or-no verdict.","goatedbuyindex safety","working editorial intent; verify against GSC before retargeting","index, follow","https://goatedbuyindex.com/en/safety","200","pass"
"goatedbuyindex.com","https://goatedbuyindex.com/en/search-ideas","/en/search-ideas","GoatedBuy Search Ideas | Queries That Reduce Duplicate Results","Use the query to expose differences worth checking.","goatedbuyindex search ideas","working editorial intent; verify against GSC before retargeting","index, follow","https://goatedbuyindex.com/en/search-ideas","200","pass"
"goatedbuyindex.com","https://goatedbuyindex.com/en/shipping","/en/shipping","GoatedBuy Shipping Research | Parcel Inputs and Route Checks","Do not calculate the shipment from a product card.","goatedbuyindex shipping","working editorial intent; verify against GSC before retargeting","index, follow","https://goatedbuyindex.com/en/shipping","200","pass"
"gtbuyindex.com","https://gtbuyindex.com/en","/en","GTBuy Product Index | Search, Inspect and Record Sources","Turn a search result into a traceable record. Query. Inspect. Keep the source.","gtbuyindex independent product research","working editorial intent; verify against GSC before retargeting","index, follow","https://gtbuyindex.com/en","200","pass"
"gtbuyindex.com","https://gtbuyindex.com/en/categories","/en/categories","GTBuy Spreadsheet Categories | Field-Level Product Research","Index the fields that matter for the product type.","gtbuyindex category research","working editorial intent; verify against GSC before retargeting","index, follow","https://gtbuyindex.com/en/categories","200","pass"
"gtbuyindex.com","https://gtbuyindex.com/en/faq","/en/faq","GTBuy Index FAQ | Queries, Sources, Scores and Shipping","Keep every answer attached to the evidence layer that supports it.","gtbuyindex questions and verification","working editorial intent; verify against GSC before retargeting","index, follow","https://gtbuyindex.com/en/faq","200","pass"
"gtbuyindex.com","https://gtbuyindex.com/en/gtbuy-score","/en/gtbuy-score","GTBuy Source Score | Audit Query-to-Listing Traceability","Score the continuity from query to source, not the product itself.","gtbuyindex gtbuy score","working editorial intent; verify against GSC before retargeting","index, follow","https://gtbuyindex.com/en/gtbuy-score","200","pass"
"gtbuyindex.com","https://gtbuyindex.com/en/guide","/en/guide","GTBuy Guide | Query, Inspect and Preserve the Product Source","Turn each retained result into a record another person can reopen.","gtbuyindex guide","working editorial intent; verify against GSC before retargeting","index, follow","https://gtbuyindex.com/en/guide","200","pass"
"gtbuyindex.com","https://gtbuyindex.com/en/safety","/en/safety","GTBuy Safety Research | Account, Source and Parcel Evidence","Assess the exact action and date instead of assigning one permanent label.","gtbuyindex safety","working editorial intent; verify against GSC before retargeting","index, follow","https://gtbuyindex.com/en/safety","200","pass"
"gtbuyindex.com","https://gtbuyindex.com/en/search-ideas","/en/search-ideas","GTBuy Search Ideas | Build Queries from Verifiable Fields","Search for fields you can later verify.","gtbuyindex search ideas","working editorial intent; verify against GSC before retargeting","index, follow","https://gtbuyindex.com/en/search-ideas","200","pass"
"gtbuyindex.com","https://gtbuyindex.com/en/shipping","/en/shipping","GTBuy Shipping Estimate Guide | Weight, Dimensions and Routes","Replace listing guesses with measured parcel inputs.","gtbuyindex shipping","working editorial intent; verify against GSC before retargeting","index, follow","https://gtbuyindex.com/en/shipping","200","pass"
"hipobuyindex.com","https://hipobuyindex.com/en","/en","HipoBuy Product Index | Keep Listing Research Traceable","Keep the source attached to every decision. Trace the listing. Mark what is missing.","hipobuyindex independent product research","working editorial intent; verify against GSC before retargeting","index, follow","https://hipobuyindex.com/en","200","pass"
"hipobuyindex.com","https://hipobuyindex.com/en/categories","/en/categories","Hipobuy Spreadsheet Categories | QC Evidence by Product Type","Request evidence that can answer a product-specific question.","hipobuyindex category research","working editorial intent; verify against GSC before retargeting","index, follow","https://hipobuyindex.com/en/categories","200","pass"
"hipobuyindex.com","https://hipobuyindex.com/en/faq","/en/faq","Hipobuy FAQ | Spreadsheet, QC Photos, Scores and Shipping","Understand what QC evidence can show and where it stops.","hipobuyindex questions and verification","working editorial intent; verify against GSC before retargeting","index, follow","https://hipobuyindex.com/en/faq","200","pass"
"hipobuyindex.com","https://hipobuyindex.com/en/guide","/en/guide","Hipobuy Guide | Connect Product Sources with QC Evidence","Keep requested-product evidence beside received-item evidence.","hipobuyindex guide","working editorial intent; verify against GSC before retargeting","index, follow","https://hipobuyindex.com/en/guide","200","pass"
"hipobuyindex.com","https://hipobuyindex.com/en/hipobuy-score","/en/hipobuy-score","Hipobuy Evidence Score | Source-to-QC Completeness Check","Measure whether the source-to-QC comparison is complete.","hipobuyindex hipobuy score","working editorial intent; verify against GSC before retargeting","index, follow","https://hipobuyindex.com/en/hipobuy-score","200","pass"
"hipobuyindex.com","https://hipobuyindex.com/en/safety","/en/safety","Is Hipobuy Safe and Legit? Source, QC and Account Checklist","Review platform, product and parcel evidence separately.","hipobuyindex safety","working editorial intent; verify against GSC before retargeting","index, follow","https://hipobuyindex.com/en/safety","200","pass"
"hipobuyindex.com","https://hipobuyindex.com/en/search-ideas","/en/search-ideas","Hipobuy Search Ideas | Queries Designed for Later QC Checks","Search with the later warehouse check in mind.","hipobuyindex search ideas","working editorial intent; verify against GSC before retargeting","index, follow","https://hipobuyindex.com/en/search-ideas","200","pass"
"hipobuyindex.com","https://hipobuyindex.com/en/shipping","/en/shipping","Hipobuy Shipping Research | QC Record to Parcel Route","Use QC to confirm contents, then use parcel evidence for the route.","hipobuyindex shipping","working editorial intent; verify against GSC before retargeting","index, follow","https://hipobuyindex.com/en/shipping","200","pass"
"hoobuyindex.net","https://hoobuyindex.net/en","/en","HooBuy Guide | Product Links, Warehouse and Shipping Estimates","Stabilize the product shortlist before choosing a route. Product evidence first. Route comparison second.","hoobuyindex independent product research","working editorial intent; verify against GSC before retargeting","index, follow","https://hoobuyindex.net/en","200","pass"
"hoobuyindex.net","https://hoobuyindex.net/en/categories","/en/categories","HooBuy Spreadsheet Categories | Product Evidence by Type","Change the evidence gate when the product category changes.","hoobuyindex category research","working editorial intent; verify against GSC before retargeting","index, follow","https://hoobuyindex.net/en/categories","200","pass"
"hoobuyindex.net","https://hoobuyindex.net/en/faq","/en/faq","HooBuy Index FAQ | Sources, Evidence, Shipping and Safety","Know which source is responsible for each claim.","hoobuyindex questions and verification","working editorial intent; verify against GSC before retargeting","index, follow","https://hoobuyindex.net/en/faq","200","pass"
"hoobuyindex.net","https://hoobuyindex.net/en/guide","/en/guide","HooBuy Guide | Verify the Product Before the Buying Route","Stabilize the product record before choosing a service path.","hoobuyindex guide","working editorial intent; verify against GSC before retargeting","index, follow","https://hoobuyindex.net/en/guide","200","pass"
"hoobuyindex.net","https://hoobuyindex.net/en/hoobuy-score","/en/hoobuy-score","HooBuy Evidence Gate Score | Source and Option Readiness","Score whether a listing is ready for a service decision.","hoobuyindex hoobuy score","working editorial intent; verify against GSC before retargeting","index, follow","https://hoobuyindex.net/en/hoobuy-score","200","pass"
"hoobuyindex.net","https://hoobuyindex.net/en/safety","/en/safety","Is HooBuy Safe and Legit? Third-Party Product Checklist","Assess platform, seller and parcel evidence as separate layers.","hoobuyindex safety","working editorial intent; verify against GSC before retargeting","index, follow","https://hoobuyindex.net/en/safety","200","pass"
"hoobuyindex.net","https://hoobuyindex.net/en/search-ideas","/en/search-ideas","HooBuy Search Ideas | Queries for Third-Party Product Sources","Search for a product field you can verify later.","hoobuyindex search ideas","working editorial intent; verify against GSC before retargeting","index, follow","https://hoobuyindex.net/en/search-ideas","200","pass"
"hoobuyindex.net","https://hoobuyindex.net/en/shipping","/en/shipping","HooBuy Shipping Calculator Guide | Inputs and Estimate Limits","Prepare the evidence before opening the shipping calculator.","hoobuyindex shipping","working editorial intent; verify against GSC before retargeting","index, follow","https://hoobuyindex.net/en/shipping","200","pass"
"hubbuyindex.com","https://hubbuyindex.com/en","/en","HubBuy Product Index | Official Access and Order Evidence Guide","Shortlist HubBuy-linked products without filling evidence gaps. If the service source is unavailable, mark it unresolved.","hubbuyindex independent product research","working editorial intent; verify against GSC before retargeting","index, follow","https://hubbuyindex.com/en","200","pass"
"hubbuyindex.com","https://hubbuyindex.com/en/categories","/en/categories","HubBuy Product Fields and Unresolved Evidence","Product Fields and Unresolved Evidence for HubBuy research.","hubbuyindex category research","working editorial intent; verify against GSC before retargeting","index, follow","https://hubbuyindex.com/en/categories","200","pass"
"hubbuyindex.com","https://hubbuyindex.com/en/faq","/en/faq","HubBuy Official Access and Evidence Limits","HubBuy questions answered from the responsible evidence stage.","hubbuyindex questions and verification","working editorial intent; verify against GSC before retargeting","index, follow","https://hubbuyindex.com/en/faq","200","pass"
"hubbuyindex.com","https://hubbuyindex.com/en/guide","/en/guide","HubBuy Official Access Before Service Claims","Shortlist HubBuy-linked products without filling evidence gaps.","hubbuyindex guide","working editorial intent; verify against GSC before retargeting","index, follow","https://hubbuyindex.com/en/guide","200","pass"
"hubbuyindex.com","https://hubbuyindex.com/en/qc-checklist","/en/qc-checklist","HubBuy Request Matching and Visible Evidence","Compare HubBuy QC evidence with the exact saved request.","hubbuyindex qc checklist","working editorial intent; verify against GSC before retargeting","index, follow","https://hubbuyindex.com/en/qc-checklist","200","pass"
"hubbuyindex.com","https://hubbuyindex.com/en/safety","/en/safety","HubBuy Domain, Account and Transaction Records","Evaluate the current HubBuy evidence chain by stage.","hubbuyindex safety","working editorial intent; verify against GSC before retargeting","index, follow","https://hubbuyindex.com/en/safety","200","pass"
"hubbuyindex.com","https://hubbuyindex.com/en/shipping","/en/shipping","HubBuy Confirmed Parcels and Current Terms","Build a HubBuy parcel record from confirmed inputs.","hubbuyindex shipping","working editorial intent; verify against GSC before retargeting","index, follow","https://hubbuyindex.com/en/shipping","200","pass"
"hubbuyindex.com","https://hubbuyindex.com/en/source-check","/en/source-check","HubBuy Resolved Links and Review Dates","Keep every HubBuy result attached to the responsible source.","hubbuyindex source check","working editorial intent; verify against GSC before retargeting","index, follow","https://hubbuyindex.com/en/source-check","200","pass"
"itaobuyindex.com","https://itaobuyindex.com/en","/en","iTaoBuy Guide | Product Links, Spreadsheet and QC Research","Trace every iTaoBuy-linked find back to its source. Keep the evidence trail intact.","itaobuyindex independent product research","working editorial intent; verify against GSC before retargeting","index, follow","https://itaobuyindex.com/en","200","pass"
"itaobuyindex.com","https://itaobuyindex.com/en/categories","/en/categories","iTaoBuy Categories | Source-Linked Product Research Archive","Give every product type its own source-linked evidence fields.","itaobuyindex category research","working editorial intent; verify against GSC before retargeting","index, follow","https://itaobuyindex.com/en/categories","200","pass"
"itaobuyindex.com","https://itaobuyindex.com/en/faq","/en/faq","iTaoBuy Research FAQ | Sources, QC and Parcel Evidence","Keep each iTaoBuy answer attached to its evidence source.","itaobuyindex questions and verification","working editorial intent; verify against GSC before retargeting","index, follow","https://itaobuyindex.com/en/faq","200","pass"
"itaobuyindex.com","https://itaobuyindex.com/en/parcel-record","/en/parcel-record","iTaoBuy Parcel Record | Contents, Measurements and Route Checks","Replace listing estimates with a measured parcel record.","itaobuyindex parcel record","working editorial intent; verify against GSC before retargeting","index, follow","https://itaobuyindex.com/en/parcel-record","200","pass"
"itaobuyindex.com","https://itaobuyindex.com/en/qc-evidence","/en/qc-evidence","iTaoBuy QC Evidence | Match Images to the Saved Product Option","Match every QC observation to a visible image.","itaobuyindex qc evidence","working editorial intent; verify against GSC before retargeting","index, follow","https://itaobuyindex.com/en/qc-evidence","200","pass"
"itaobuyindex.com","https://itaobuyindex.com/en/site-guide","/en/site-guide","iTaoBuy guide: safety, promo codes and Reddit research | iTaoBuy","iTaoBuy guide: keep each claim with its evidence.","itaobuyindex site guide","working editorial intent; verify against GSC before retargeting","index, follow","https://itaobuyindex.com/en/site-guide","200","pass"
"itaobuyindex.com","https://itaobuyindex.com/en/source-ledger","/en/source-ledger","iTaoBuy Source Ledger | Product Link, Option and Review Date","Keep an iTaoBuy record useful after its source changes.","itaobuyindex source ledger","working editorial intent; verify against GSC before retargeting","index, follow","https://itaobuyindex.com/en/source-ledger","200","pass"
"joyabuyfinds.com","https://joyabuyfinds.com/en","/en","JoyaGoo Finds | Explore Categories and Verify Product Sources","Explore broadly without losing the source. Discover first. Verify before keeping.","joyabuyfinds independent product research","working editorial intent; verify against GSC before retargeting","index, follow","https://joyabuyfinds.com/en","200","pass"
"joyabuyfinds.com","https://joyabuyfinds.com/en/categories","/en/categories","JoyaGoo Finds Categories | Visual and Field-Based Discovery","Let the category shape both the query and later evidence check.","joyabuyfinds category research","working editorial intent; verify against GSC before retargeting","index, follow","https://joyabuyfinds.com/en/categories","200","pass"
"joyabuyfinds.com","https://joyabuyfinds.com/en/faq","/en/faq","JoyaGoo Finds FAQ | Search Modes, Sources and QC Handoffs","Separate a useful find from a verified transaction record.","joyabuyfinds questions and verification","working editorial intent; verify against GSC before retargeting","index, follow","https://joyabuyfinds.com/en/faq","200","pass"
"joyabuyfinds.com","https://joyabuyfinds.com/en/guide","/en/guide","JoyaGoo Finds Guide | Discover, Open and Verify Sources","Explore widely, then reduce each find to a source record.","joyabuyfinds guide","working editorial intent; verify against GSC before retargeting","index, follow","https://joyabuyfinds.com/en/guide","200","pass"
"joyabuyfinds.com","https://joyabuyfinds.com/en/joyagoo-score","/en/joyagoo-score","JoyaGoo Find Score | Rank Discovery Leads by Evidence","Rank which find deserves the next check.","joyabuyfinds joyagoo score","working editorial intent; verify against GSC before retargeting","index, follow","https://joyabuyfinds.com/en/joyagoo-score","200","pass"
"joyabuyfinds.com","https://joyabuyfinds.com/en/safety","/en/safety","JoyaGoo Finds Safety | Discovery Link and Service Checklist","Inspect where the find ends before relying on what it shows.","joyabuyfinds safety","working editorial intent; verify against GSC before retargeting","index, follow","https://joyabuyfinds.com/en/safety","200","pass"
"joyabuyfinds.com","https://joyabuyfinds.com/en/search-ideas","/en/search-ideas","JoyaGoo Search Ideas | Category, Name and Image Discovery","Match the search mode to the information already available.","joyabuyfinds search ideas","working editorial intent; verify against GSC before retargeting","index, follow","https://joyabuyfinds.com/en/search-ideas","200","pass"
"joyabuyfinds.com","https://joyabuyfinds.com/en/shipping","/en/shipping","JoyaGoo Finds Shipping Handoff | From Candidate to Parcel","Do not let a discovery card answer a parcel question.","joyabuyfinds shipping","working editorial intent; verify against GSC before retargeting","index, follow","https://joyabuyfinds.com/en/shipping","200","pass"
"joyagooindex.com","https://joyagooindex.com/en","/en","JoyaGoo Spreadsheet | Track Source, QC and Parcel Stages","Track the product through each evidence stage. Source. Option. QC. Parcel.","joyagooindex independent product research","working editorial intent; verify against GSC before retargeting","index, follow","https://joyagooindex.com/en","200","pass"
"joyagooindex.com","https://joyagooindex.com/en/categories","/en/categories","JoyaGoo Spreadsheet Categories | Evidence Across Order Stages","The product category determines what must survive each handoff.","joyagooindex category research","working editorial intent; verify against GSC before retargeting","index, follow","https://joyagooindex.com/en/categories","200","pass"
"joyagooindex.com","https://joyagooindex.com/en/faq","/en/faq","JoyaGoo Index FAQ | Orders, QC, Storage and Shipping Stages","Use the current stage record to answer the current question.","joyagooindex questions and verification","working editorial intent; verify against GSC before retargeting","index, follow","https://joyagooindex.com/en/faq","200","pass"
"joyagooindex.com","https://joyagooindex.com/en/guide","/en/guide","JoyaGoo Guide | Product, Order, QC and Parcel Stages","Record each handoff without rewriting earlier evidence.","joyagooindex guide","working editorial intent; verify against GSC before retargeting","index, follow","https://joyagooindex.com/en/guide","200","pass"
"joyagooindex.com","https://joyagooindex.com/en/joyagoo-score","/en/joyagoo-score","JoyaGoo Stage Score | Evidence Continuity from Source to Parcel","Measure evidence continuity, not product quality.","joyagooindex joyagoo score","working editorial intent; verify against GSC before retargeting","index, follow","https://joyagooindex.com/en/joyagoo-score","200","pass"
"joyagooindex.com","https://joyagooindex.com/en/safety","/en/safety","Is JoyaGoo Safe and Legit? Dated Workflow Evidence","Assess the exact stage and date instead of one permanent label.","joyagooindex safety","working editorial intent; verify against GSC before retargeting","index, follow","https://joyagooindex.com/en/safety","200","pass"
"joyagooindex.com","https://joyagooindex.com/en/search-ideas","/en/search-ideas","JoyaGoo Spreadsheet Search Ideas | Queries for Traceable Records","Search for fields that remain meaningful at the warehouse.","joyagooindex search ideas","working editorial intent; verify against GSC before retargeting","index, follow","https://joyagooindex.com/en/search-ideas","200","pass"
"joyagooindex.com","https://joyagooindex.com/en/shipping","/en/shipping","JoyaGoo Shipping Guide | Two Payments and Measured Parcel Inputs","Keep product payment and international parcel payment separate.","joyagooindex shipping","working editorial intent; verify against GSC before retargeting","index, follow","https://joyagooindex.com/en/shipping","200","pass"
"kakobuyindex.net","https://kakobuyindex.net/en","/en","Kakobuy Spreadsheet Index | Build a Verified Shortlist","Search broadly. Keep selectively. Every shortlisted link needs a reason.","kakobuyindex independent product research","working editorial intent; verify against GSC before retargeting","index, follow","https://kakobuyindex.net/en","200","pass"
"kakobuyindex.net","https://kakobuyindex.net/en/categories","/en/categories","Kakobuy Spreadsheet Categories | Build a Cleaner Shortlist","Give every category its own admission rule.","kakobuyindex category research","working editorial intent; verify against GSC before retargeting","index, follow","https://kakobuyindex.net/en/categories","200","pass"
"kakobuyindex.net","https://kakobuyindex.net/en/faq","/en/faq","Kakobuy Spreadsheet Index FAQ | Shortlists and Evidence","Know what the index can and cannot establish.","kakobuyindex questions and verification","working editorial intent; verify against GSC before retargeting","index, follow","https://kakobuyindex.net/en/faq","200","pass"
"kakobuyindex.net","https://kakobuyindex.net/en/guide","/en/guide","Kakobuy Spreadsheet Guide | Query, Deduplicate, Shortlist","Make the index smaller before making a decision.","kakobuyindex guide","working editorial intent; verify against GSC before retargeting","index, follow","https://kakobuyindex.net/en/guide","200","pass"
"kakobuyindex.net","https://kakobuyindex.net/en/kakobuy-score","/en/kakobuy-score","Kakobuy Score | Independent Shortlist Quality Rubric","Score the record, not the reputation.","kakobuyindex kakobuy score","working editorial intent; verify against GSC before retargeting","index, follow","https://kakobuyindex.net/en/kakobuy-score","200","pass"
"kakobuyindex.net","https://kakobuyindex.net/en/safety","/en/safety","Is Kakobuy Legit and Safe? Independent Research Layers","Separate the service, seller, item and route questions.","kakobuyindex safety","working editorial intent; verify against GSC before retargeting","index, follow","https://kakobuyindex.net/en/safety","200","pass"
"kakobuyindex.net","https://kakobuyindex.net/en/search-ideas","/en/search-ideas","Kakobuy Search Ideas | Queries That Produce Better Shortlists","Write the useful constraint before opening the results.","kakobuyindex search ideas","working editorial intent; verify against GSC before retargeting","index, follow","https://kakobuyindex.net/en/search-ideas","200","pass"
"kakobuyindex.net","https://kakobuyindex.net/en/shipping","/en/shipping","How Long Does Kakobuy Take to Ship? Planning Record","Do not turn several stages into one promised date.","kakobuyindex shipping","working editorial intent; verify against GSC before retargeting","index, follow","https://kakobuyindex.net/en/shipping","200","pass"
"kakobuyitems.com","https://kakobuyitems.com/en","/en","Kakobuy Items | Inspect Product Evidence and Options","Review the item before the route. Keep the evidence attached.","kakobuyitems independent product research","working editorial intent; verify against GSC before retargeting","index, follow","https://kakobuyitems.com/en","200","pass"
"kakobuyitems.com","https://kakobuyitems.com/en/categories","/en/categories","Kakobuy Item Categories | Evidence Fields by Product Type","Use a different evidence file for each product type.","kakobuyitems category research","working editorial intent; verify against GSC before retargeting","index, follow","https://kakobuyitems.com/en/categories","200","pass"
"kakobuyitems.com","https://kakobuyitems.com/en/faq","/en/faq","Kakobuy Items FAQ | Options, Evidence and Item Files","Keep discovery, evidence and transaction facts separate.","kakobuyitems questions and verification","working editorial intent; verify against GSC before retargeting","index, follow","https://kakobuyitems.com/en/faq","200","pass"
"kakobuyitems.com","https://kakobuyitems.com/en/guide","/en/guide","Kakobuy Items Guide | Build a Source-Linked Evidence File","Keep one evidence file for one intended item.","kakobuyitems guide","working editorial intent; verify against GSC before retargeting","index, follow","https://kakobuyitems.com/en/guide","200","pass"
"kakobuyitems.com","https://kakobuyitems.com/en/kakobuy-score","/en/kakobuy-score","Kakobuy Item Score | Evidence Completeness Checklist","Measure documentation quality, not product quality.","kakobuyitems kakobuy score","working editorial intent; verify against GSC before retargeting","index, follow","https://kakobuyitems.com/en/kakobuy-score","200","pass"
"kakobuyitems.com","https://kakobuyitems.com/en/safety","/en/safety","Kakobuy Item Safety Research | Claims, Materials and Use","A platform check does not replace an item check.","kakobuyitems safety","working editorial intent; verify against GSC before retargeting","index, follow","https://kakobuyitems.com/en/safety","200","pass"
"kakobuyitems.com","https://kakobuyitems.com/en/search-ideas","/en/search-ideas","Kakobuy Item Search Ideas | Find the Exact Variation","Search for the variation you actually intend to review.","kakobuyitems search ideas","working editorial intent; verify against GSC before retargeting","index, follow","https://kakobuyitems.com/en/search-ideas","200","pass"
"kakobuyitems.com","https://kakobuyitems.com/en/shipping","/en/shipping","Kakobuy Item Shipping Inputs | Weight, Size and Restrictions","Finish the item record before estimating the parcel.","kakobuyitems shipping","working editorial intent; verify against GSC before retargeting","index, follow","https://kakobuyitems.com/en/shipping","200","pass"
"kameymallindex.com","https://kameymallindex.com/en","/en","KameyMall Guide | Product Search, QC and Shipping Research","Start with the category. Finish with the evidence. Browse broadly. Review one product precisely.","kameymallindex independent product research","working editorial intent; verify against GSC before retargeting","index, follow","https://kameymallindex.com/en","200","pass"
"kameymallindex.com","https://kameymallindex.com/en/categories","/en/categories","KameyMall Spreadsheet Categories | Research Fields by Product","Use category context to avoid generic product pages.","kameymallindex category research","working editorial intent; verify against GSC before retargeting","index, follow","https://kameymallindex.com/en/categories","200","pass"
"kameymallindex.com","https://kameymallindex.com/en/faq","/en/faq","KameyMall Index FAQ | Search, Historical QC and Shipping","Know whether the evidence is current, historical or still missing.","kameymallindex questions and verification","working editorial intent; verify against GSC before retargeting","index, follow","https://kameymallindex.com/en/faq","200","pass"
"kameymallindex.com","https://kameymallindex.com/en/guide","/en/guide","KameyMall Guide | From Category Search to Product Evidence","Browse to learn the fields, then review one item precisely.","kameymallindex guide","working editorial intent; verify against GSC before retargeting","index, follow","https://kameymallindex.com/en/guide","200","pass"
"kameymallindex.com","https://kameymallindex.com/en/review","/en/review","KameyMall Product Review | Current Source and QC Evidence","Use historical QC as context, not as the current received item.","kameymallindex review","working editorial intent; verify against GSC before retargeting","index, follow","https://kameymallindex.com/en/review","200","pass"
"kameymallindex.com","https://kameymallindex.com/en/safety","/en/safety","Is KameyMall Safe and Legit? Source and QC Checklist","Use current records and label historical evidence clearly.","kameymallindex safety","working editorial intent; verify against GSC before retargeting","index, follow","https://kameymallindex.com/en/safety","200","pass"
"kameymallindex.com","https://kameymallindex.com/en/search-ideas","/en/search-ideas","KameyMall Search Ideas | Move from Category to Exact Query","Use each search to learn the next more precise term.","kameymallindex search ideas","working editorial intent; verify against GSC before retargeting","index, follow","https://kameymallindex.com/en/search-ideas","200","pass"
"kameymallindex.com","https://kameymallindex.com/en/shipping","/en/shipping","KameyMall Shipping Research | QC, Packaging and Actual Weight","Replace product and historical estimates with actual parcel inputs.","kameymallindex shipping","working editorial intent; verify against GSC before retargeting","index, follow","https://kameymallindex.com/en/shipping","200","pass"
"litbuyindex.com","https://litbuyindex.com/en","/en","LitBuy Guide | Spreadsheet, Estimator and Warehouse Checks","Search the LitBuy spreadsheet with a method. Refresh, deduplicate and record.","litbuyindex independent product research","working editorial intent; verify against GSC before retargeting","index, follow","https://litbuyindex.com/en","200","pass"
"litbuyindex.com","https://litbuyindex.com/en/categories","/en/categories","LitBuy Spreadsheet Categories | Query Fields by Product Type","Define the evidence floor before opening the category.","litbuyindex category research","working editorial intent; verify against GSC before retargeting","index, follow","https://litbuyindex.com/en/categories","200","pass"
"litbuyindex.com","https://litbuyindex.com/en/codes-coupons","/en/codes-coupons","LitBuy Codes and Coupons | Independent Verification Record","Publish the conditions, not just the code.","litbuyindex codes coupons","working editorial intent; verify against GSC before retargeting","index, follow","https://litbuyindex.com/en/codes-coupons","200","pass"
"litbuyindex.com","https://litbuyindex.com/en/faq","/en/faq","LitBuy Search Index FAQ | Queries, Links and Refresh Dates","Know why a link was retained and when it needs review.","litbuyindex questions and verification","working editorial intent; verify against GSC before retargeting","index, follow","https://litbuyindex.com/en/faq","200","pass"
"litbuyindex.com","https://litbuyindex.com/en/freight-estimator","/en/freight-estimator","LitBuy Freight Estimator Guide | Record Inputs and Results","Preserve the inputs behind every freight estimate.","litbuyindex freight estimator","working editorial intent; verify against GSC before retargeting","index, follow","https://litbuyindex.com/en/freight-estimator","200","pass"
"litbuyindex.com","https://litbuyindex.com/en/guide","/en/guide","LitBuy Spreadsheet Guide | Query, Group and Refresh","Make every retained result easy to explain and reopen.","litbuyindex guide","working editorial intent; verify against GSC before retargeting","index, follow","https://litbuyindex.com/en/guide","200","pass"
"litbuyindex.com","https://litbuyindex.com/en/safety","/en/safety","Is LitBuy Legit and Safe? Index Research Boundaries","An index can organize checks but cannot replace them.","litbuyindex safety","working editorial intent; verify against GSC before retargeting","index, follow","https://litbuyindex.com/en/safety","200","pass"
"litbuyindex.com","https://litbuyindex.com/en/search-ideas","/en/search-ideas","LitBuy Spreadsheet Search Ideas | Better Query Design","Add the term that changes which results deserve review.","litbuyindex search ideas","working editorial intent; verify against GSC before retargeting","index, follow","https://litbuyindex.com/en/search-ideas","200","pass"
"litbuyindex.com","https://litbuyindex.com/en/shipping","/en/shipping","How Long Does LitBuy Take? Timeline Evidence Log","Record the stage behind every date estimate.","litbuyindex shipping","working editorial intent; verify against GSC before retargeting","index, follow","https://litbuyindex.com/en/shipping","200","pass"
"litbuyitems.com","https://litbuyitems.com/en","/en","LitBuy Item Evidence | Options, Images and Source Checks","Match the evidence to the exact option. One item. One source-linked record.","litbuyitems independent product research","working editorial intent; verify against GSC before retargeting","index, follow","https://litbuyitems.com/en","200","pass"
"litbuyitems.com","https://litbuyitems.com/en/categories","/en/categories","LitBuy Item Categories | Evidence Fields for Exact Options","Use the fields that describe this product, not every product.","litbuyitems category research","working editorial intent; verify against GSC before retargeting","index, follow","https://litbuyitems.com/en/categories","200","pass"
"litbuyitems.com","https://litbuyitems.com/en/coupons","/en/coupons","LitBuy Coupons and Item Cost | Keep Discounts Separate","Do not write a temporary discount into the product record.","litbuyitems coupons","working editorial intent; verify against GSC before retargeting","index, follow","https://litbuyitems.com/en/coupons","200","pass"
"litbuyitems.com","https://litbuyitems.com/en/faq","/en/faq","LitBuy Item FAQ | Options, Images and Evidence","Keep every answer attached to the intended item.","litbuyitems questions and verification","working editorial intent; verify against GSC before retargeting","index, follow","https://litbuyitems.com/en/faq","200","pass"
"litbuyitems.com","https://litbuyitems.com/en/guide","/en/guide","LitBuy Item Guide | Build a Source-Linked Product File","Make one file describe one intended variation.","litbuyitems guide","working editorial intent; verify against GSC before retargeting","index, follow","https://litbuyitems.com/en/guide","200","pass"
"litbuyitems.com","https://litbuyitems.com/en/haul-review","/en/haul-review","LitBuy Haul Review | Link, Option, QC and Parcel Evidence","A useful haul review lets every claim be traced to the right item and stage.","litbuyitems haul review","working editorial intent; verify against GSC before retargeting","index, follow","https://litbuyitems.com/en/haul-review","200","pass"
"litbuyitems.com","https://litbuyitems.com/en/invitation-code","/en/invitation-code","LitBuy Invitation Code | Account Context, Not Product Evidence","Verify the account field without changing the item record.","litbuyitems invitation code","working editorial intent; verify against GSC before retargeting","index, follow","https://litbuyitems.com/en/invitation-code","200","pass"
"litbuyitems.com","https://litbuyitems.com/en/safety","/en/safety","Is LitBuy Safe for This Item? Product-Level Checks","A service check does not answer the product question.","litbuyitems safety","working editorial intent; verify against GSC before retargeting","index, follow","https://litbuyitems.com/en/safety","200","pass"
"litbuyitems.com","https://litbuyitems.com/en/shipping","/en/shipping","LitBuy Item Shipping Inputs | Contents, Weight and Packaging","Finish the item record before estimating a parcel.","litbuyitems shipping","working editorial intent; verify against GSC before retargeting","index, follow","https://litbuyitems.com/en/shipping","200","pass"
"litbuyproducts.com","https://litbuyproducts.com/en","/en","LitBuy Product Catalog | Category Paths and Product Discovery","Choose the category before opening the catalog. Compare the fields that matter inside it.","litbuyproducts independent product research","working editorial intent; verify against GSC before retargeting","index, follow","https://litbuyproducts.com/en","200","pass"
"litbuyproducts.com","https://litbuyproducts.com/en/categories","/en/categories","LitBuy Product Categories | Comparable Fields for Each Group","Define a comparable field set before opening the product group.","litbuyproducts category research","working editorial intent; verify against GSC before retargeting","index, follow","https://litbuyproducts.com/en/categories","200","pass"
"litbuyproducts.com","https://litbuyproducts.com/en/coupons","/en/coupons","LitBuy Catalog Coupons | Verify Offer Scope at Checkout","Check whether the offer applies to this catalog path.","litbuyproducts coupons","working editorial intent; verify against GSC before retargeting","index, follow","https://litbuyproducts.com/en/coupons","200","pass"
"litbuyproducts.com","https://litbuyproducts.com/en/faq","/en/faq","LitBuy Product Catalog FAQ | Categories, Sources and Boundaries","Use the catalog to discover, then use current sources to decide.","litbuyproducts questions and verification","working editorial intent; verify against GSC before retargeting","index, follow","https://litbuyproducts.com/en/faq","200","pass"
"litbuyproducts.com","https://litbuyproducts.com/en/guide","/en/guide","How Does LitBuy Work? Catalog-to-Service Handoff","Carry the right record into each next stage.","litbuyproducts guide","working editorial intent; verify against GSC before retargeting","index, follow","https://litbuyproducts.com/en/guide","200","pass"
"litbuyproducts.com","https://litbuyproducts.com/en/invitation-code","/en/invitation-code","LitBuy Invitation Code Guide | Verify Current Registration Offers","Verify the registration path and current offer terms.","litbuyproducts invitation code","working editorial intent; verify against GSC before retargeting","index, follow","https://litbuyproducts.com/en/invitation-code","200","pass"
"litbuyproducts.com","https://litbuyproducts.com/en/safety","/en/safety","Is LitBuy Legit? Service, Catalog and Seller Layers","Ask which layer the available evidence can answer.","litbuyproducts safety","working editorial intent; verify against GSC before retargeting","index, follow","https://litbuyproducts.com/en/safety","200","pass"
"litbuyproducts.com","https://litbuyproducts.com/en/shipping","/en/shipping","LitBuy Delivery Stages | Catalog-to-Parcel Planning","Do not attach one delivery promise to every catalog item.","litbuyproducts shipping","working editorial intent; verify against GSC before retargeting","index, follow","https://litbuyproducts.com/en/shipping","200","pass"
"litbuyproducts.com","https://litbuyproducts.com/en/spreadsheet","/en/spreadsheet","LitBuy Spreadsheet Catalog | Category Map and Source Refresh","Turn old rows into current category leads.","litbuyproducts spreadsheet","working editorial intent; verify against GSC before retargeting","index, follow","https://litbuyproducts.com/en/spreadsheet","200","pass"
"loongbuys.net","https://loongbuys.net/en","/en","LoongBuy Guide | Shipping Estimates, QC and Product Links","Follow the product from link to parcel. Keep every handoff checkable.","loongbuys independent product research","working editorial intent; verify against GSC before retargeting","index, follow","https://loongbuys.net/en","200","pass"
"loongbuys.net","https://loongbuys.net/en/categories","/en/categories","LoongBuy Product Categories | Build a Checkable Shortlist","Let the product type decide what must be checked.","loongbuys category research","working editorial intent; verify against GSC before retargeting","index, follow","https://loongbuys.net/en/categories","200","pass"
"loongbuys.net","https://loongbuys.net/en/faq","/en/faq","LoongBuy FAQ | Product Links, QC, Reviews and Shipping","Keep product, warehouse and parcel answers separate.","loongbuys questions and verification","working editorial intent; verify against GSC before retargeting","index, follow","https://loongbuys.net/en/faq","200","pass"
"loongbuys.net","https://loongbuys.net/en/guide","/en/guide","LoongBuy Guide | Source, QC, Weight and Shipping Route","Use the evidence created at each handoff.","loongbuys guide","working editorial intent; verify against GSC before retargeting","index, follow","https://loongbuys.net/en/guide","200","pass"
"loongbuys.net","https://loongbuys.net/en/reviews","/en/reviews","LoongBuy Reviews | Evaluate Route and Order Evidence","A useful review explains what happened and when.","loongbuys reviews","working editorial intent; verify against GSC before retargeting","index, follow","https://loongbuys.net/en/reviews","200","pass"
"loongbuys.net","https://loongbuys.net/en/safety","/en/safety","Is LoongBuy Legit? Current Checks Before Using the Service","Recheck the service evidence that can change.","loongbuys safety","working editorial intent; verify against GSC before retargeting","index, follow","https://loongbuys.net/en/safety","200","pass"
"loongbuys.net","https://loongbuys.net/en/shipping-calculator","/en/shipping-calculator","LoongBuy Shipping Calculator Guide | Inputs and Final Charge","Estimate with official inputs, then verify the packed parcel.","loongbuys shipping calculator","working editorial intent; verify against GSC before retargeting","index, follow","https://loongbuys.net/en/shipping-calculator","200","pass"
"lovegobuyindex.com","https://lovegobuyindex.com/en","/en","LoveGoBuy Product Directory | Categories and Order Checks","Sort the product first. Then follow the current order stage.","lovegobuyindex independent product research","working editorial intent; verify against GSC before retargeting","index, follow","https://lovegobuyindex.com/en","200","pass"
"lovegobuyindex.com","https://lovegobuyindex.com/en/categories","/en/categories","LoveGoBuy Product Categories | Compare Listing Fields","Choose the product group before comparing results.","lovegobuyindex category research","working editorial intent; verify against GSC before retargeting","index, follow","https://lovegobuyindex.com/en/categories","200","pass"
"lovegobuyindex.com","https://lovegobuyindex.com/en/faq","/en/faq","LoveGoBuy FAQ | Directory, Order Stage and Service Questions","Identify which record can answer the question.","lovegobuyindex questions and verification","working editorial intent; verify against GSC before retargeting","index, follow","https://lovegobuyindex.com/en/faq","200","pass"
"lovegobuyindex.com","https://lovegobuyindex.com/en/guide","/en/guide","LoveGoBuy Guide | From Product Discovery to Order Action","Move one stage at a time and preserve the evidence.","lovegobuyindex guide","working editorial intent; verify against GSC before retargeting","index, follow","https://lovegobuyindex.com/en/guide","200","pass"
"lovegobuyindex.com","https://lovegobuyindex.com/en/is-lovegobuy-legit","/en/is-lovegobuy-legit","Is LoveGoBuy Legit? A Current Evidence Checklist","Check what is true now, then keep the date.","lovegobuyindex is lovegobuy legit","working editorial intent; verify against GSC before retargeting","index, follow","https://lovegobuyindex.com/en/is-lovegobuy-legit","200","pass"
"lovegobuyindex.com","https://lovegobuyindex.com/en/lovegobuy-coupon-code","/en/lovegobuy-coupon-code","LoveGoBuy Coupon Code | Verify Scope, Date and Application","A code matters only when the current flow accepts it.","lovegobuyindex lovegobuy coupon code","working editorial intent; verify against GSC before retargeting","index, follow","https://lovegobuyindex.com/en/lovegobuy-coupon-code","200","pass"
"lovegobuyindex.com","https://lovegobuyindex.com/en/lovegobuy-spreadsheet","/en/lovegobuy-spreadsheet","LoveGoBuy Spreadsheet | Refresh Product Rows Before Use","Turn inherited rows into current research leads.","lovegobuyindex lovegobuy spreadsheet","working editorial intent; verify against GSC before retargeting","index, follow","https://lovegobuyindex.com/en/lovegobuy-spreadsheet","200","pass"
"lovegobuyindex.com","https://lovegobuyindex.com/en/refund-lovegobuy-order","/en/refund-lovegobuy-order","Refund a LoveGoBuy Order | Status and Evidence Checklist","Start with the current order status, not a generic answer.","lovegobuyindex refund lovegobuy order","working editorial intent; verify against GSC before retargeting","index, follow","https://lovegobuyindex.com/en/refund-lovegobuy-order","200","pass"
"mulebuyindex.net","https://mulebuyindex.net/en","/en","MuleBuy Spreadsheet Index | Refresh Product Links and Rows","Turn spreadsheet rows into current product leads. Query, match, refresh, retain.","mulebuyindex independent product research","working editorial intent; verify against GSC before retargeting","index, follow","https://mulebuyindex.net/en","200","pass"
"mulebuyindex.net","https://mulebuyindex.net/en/buyer-safety","/en/buyer-safety","Is MuleBuy Legit? Current Checks for Spreadsheet Users","Separate platform checks from product-row checks.","mulebuyindex buyer safety","working editorial intent; verify against GSC before retargeting","index, follow","https://mulebuyindex.net/en/buyer-safety","200","pass"
"mulebuyindex.net","https://mulebuyindex.net/en/categories","/en/categories","MuleBuy Spreadsheet Categories | Build Better Product Queries","Use the category to choose the next search field.","mulebuyindex category research","working editorial intent; verify against GSC before retargeting","index, follow","https://mulebuyindex.net/en/categories","200","pass"
"mulebuyindex.net","https://mulebuyindex.net/en/faq","/en/faq","MuleBuy Spreadsheet FAQ | Rows, QC and Parcel Evidence","Keep discovery rows separate from transaction facts.","mulebuyindex questions and verification","working editorial intent; verify against GSC before retargeting","index, follow","https://mulebuyindex.net/en/faq","200","pass"
"mulebuyindex.net","https://mulebuyindex.net/en/mulebuy-spreadsheet","/en/mulebuy-spreadsheet","MuleBuy Spreadsheet Guide | Refresh Links and Product Rows","Make every retained row explain itself.","mulebuyindex mulebuy spreadsheet","working editorial intent; verify against GSC before retargeting","index, follow","https://mulebuyindex.net/en/mulebuy-spreadsheet","200","pass"
"mulebuyindex.net","https://mulebuyindex.net/en/order-status-guide","/en/order-status-guide","MuleBuy Order Pending Guide | Check Status Before Acting","Identify the exact pending state before taking the next action.","mulebuyindex order status guide","working editorial intent; verify against GSC before retargeting","index, follow","https://mulebuyindex.net/en/order-status-guide","200","pass"
"mulebuyindex.net","https://mulebuyindex.net/en/search-ideas","/en/search-ideas","MuleBuy Spreadsheet Search Ideas | Query by Product Evidence","Search for the missing comparison field.","mulebuyindex search ideas","working editorial intent; verify against GSC before retargeting","index, follow","https://mulebuyindex.net/en/search-ideas","200","pass"
"mulebuyindex.net","https://mulebuyindex.net/en/shipping-weight-guide","/en/shipping-weight-guide","MuleBuy Shipping Weight Guide | Replace Estimates with Parcel Data","Do not turn a spreadsheet estimate into delivered cost.","mulebuyindex shipping weight guide","working editorial intent; verify against GSC before retargeting","index, follow","https://mulebuyindex.net/en/shipping-weight-guide","200","pass"
"mulebuyindex.net","https://mulebuyindex.net/en/spreadsheet-checklist","/en/spreadsheet-checklist","MuleBuy Spreadsheet Checklist | Score Row Completeness","A useful score exposes what is still missing.","mulebuyindex spreadsheet checklist","working editorial intent; verify against GSC before retargeting","index, follow","https://mulebuyindex.net/en/spreadsheet-checklist","200","pass"
"mulebuyindex.net","https://mulebuyindex.net/en/tracking","/en/tracking","MuleBuy Tracking Guide | Read Parcel Events and Handoffs","Follow the parcel record across every carrier handoff.","mulebuyindex tracking","working editorial intent; verify against GSC before retargeting","index, follow","https://mulebuyindex.net/en/tracking","200","pass"
"mulebuyitems.com","https://mulebuyitems.com/en","/en","MuleBuy Item Evidence | Options, QC Images and Source Checks","Inspect the item layer by layer. Frame, option, evidence, source.","mulebuyitems independent product research","working editorial intent; verify against GSC before retargeting","index, follow","https://mulebuyitems.com/en","200","pass"
"mulebuyitems.com","https://mulebuyitems.com/en/buyer-safety","/en/buyer-safety","MuleBuy Item Safety | Claims, Compatibility and Route Questions","Attach each risk question to the exact item.","mulebuyitems buyer safety","working editorial intent; verify against GSC before retargeting","index, follow","https://mulebuyitems.com/en/buyer-safety","200","pass"
"mulebuyitems.com","https://mulebuyitems.com/en/categories","/en/categories","MuleBuy Item Categories | Evidence Fields by Product Type","Give each product type its own evidence fields.","mulebuyitems category research","working editorial intent; verify against GSC before retargeting","index, follow","https://mulebuyitems.com/en/categories","200","pass"
"mulebuyitems.com","https://mulebuyitems.com/en/faq","/en/faq","MuleBuy Items FAQ | Options, QC Evidence and Parcel Handoff","Keep the option, evidence and open question together.","mulebuyitems questions and verification","working editorial intent; verify against GSC before retargeting","index, follow","https://mulebuyitems.com/en/faq","200","pass"
"mulebuyitems.com","https://mulebuyitems.com/en/mulebuy-spreadsheet","/en/mulebuy-spreadsheet","MuleBuy Item Spreadsheet | Convert a Row into an Evidence File","Use the row to open the file, not finish it.","mulebuyitems mulebuy spreadsheet","working editorial intent; verify against GSC before retargeting","index, follow","https://mulebuyitems.com/en/mulebuy-spreadsheet","200","pass"
"mulebuyitems.com","https://mulebuyitems.com/en/search-ideas","/en/search-ideas","MuleBuy Item Search Ideas | Find the Exact Product Variation","Search for the option you intend to inspect.","mulebuyitems search ideas","working editorial intent; verify against GSC before retargeting","index, follow","https://mulebuyitems.com/en/search-ideas","200","pass"
"mulebuyitems.com","https://mulebuyitems.com/en/shipping-weight-guide","/en/shipping-weight-guide","MuleBuy Item Shipping Inputs | Contents, Weight and Packaging","Complete the item file before estimating the parcel.","mulebuyitems shipping weight guide","working editorial intent; verify against GSC before retargeting","index, follow","https://mulebuyitems.com/en/shipping-weight-guide","200","pass"
"mulebuyitems.com","https://mulebuyitems.com/en/spreadsheet-checklist","/en/spreadsheet-checklist","MuleBuy Item Checklist | Option and QC Evidence Gate","Do not move forward while the item file contradicts itself.","mulebuyitems spreadsheet checklist","working editorial intent; verify against GSC before retargeting","index, follow","https://mulebuyitems.com/en/spreadsheet-checklist","200","pass"
"mycnboxindex.com","https://mycnboxindex.com/en","/en","MyCNBox Guide | Product Links, QC Photos and Parcel Consolidation","Build a MyCNBox item file before the parcel is assembled. Match the product link to its QC record.","mycnboxindex independent product research","working editorial intent; verify against GSC before retargeting","index, follow","https://mycnboxindex.com/en","200","pass"
"mycnboxindex.com","https://mycnboxindex.com/en/categories","/en/categories","MyCNBox Product Links and Category-Specific Checks","Product Links and Category-Specific Checks for MyCNBox research.","mycnboxindex category research","working editorial intent; verify against GSC before retargeting","index, follow","https://mycnboxindex.com/en/categories","200","pass"
"mycnboxindex.com","https://mycnboxindex.com/en/faq","/en/faq","MyCNBox QC Photos, Parcels and After-Sale Records","MyCNBox questions answered from the responsible evidence stage.","mycnboxindex questions and verification","working editorial intent; verify against GSC before retargeting","index, follow","https://mycnboxindex.com/en/faq","200","pass"
"mycnboxindex.com","https://mycnboxindex.com/en/guide","/en/guide","MyCNBox Order, Warehouse, QC and Parcel Records","Build a MyCNBox item file before the parcel is assembled.","mycnboxindex guide","working editorial intent; verify against GSC before retargeting","index, follow","https://mycnboxindex.com/en/guide","200","pass"
"mycnboxindex.com","https://mycnboxindex.com/en/qc-checklist","/en/qc-checklist","MyCNBox QC Photos and Received-Item Matching","Compare MyCNBox QC evidence with the exact saved request.","mycnboxindex qc checklist","working editorial intent; verify against GSC before retargeting","index, follow","https://mycnboxindex.com/en/qc-checklist","200","pass"
"mycnboxindex.com","https://mycnboxindex.com/en/safety","/en/safety","MyCNBox Payment, Delivery and After-Sale Evidence","Evaluate the current MyCNBox evidence chain by stage.","mycnboxindex safety","working editorial intent; verify against GSC before retargeting","index, follow","https://mycnboxindex.com/en/safety","200","pass"
"mycnboxindex.com","https://mycnboxindex.com/en/shipping","/en/shipping","MyCNBox Consolidation, Insurance and Tracking","Build a MyCNBox parcel record from confirmed inputs.","mycnboxindex shipping","working editorial intent; verify against GSC before retargeting","index, follow","https://mycnboxindex.com/en/shipping","200","pass"
"mycnboxindex.com","https://mycnboxindex.com/en/source-check","/en/source-check","MyCNBox Marketplace Link and Selected Variation","Keep every MyCNBox result attached to the responsible source.","mycnboxindex source check","working editorial intent; verify against GSC before retargeting","index, follow","https://mycnboxindex.com/en/source-check","200","pass"
"okeyhaulindex.com","https://okeyhaulindex.com/en","/en","OKEYHAUL Guide | Custom Orders, Estimation and Parcel Handoffs","Turn an OKEYHAUL estimate into a staged parcel record. An estimate is not a packed-parcel charge.","okeyhaulindex independent product research","working editorial intent; verify against GSC before retargeting","index, follow","https://okeyhaulindex.com/en","200","pass"
"okeyhaulindex.com","https://okeyhaulindex.com/en/categories","/en/categories","OKEYHAUL Custom-Order Inputs by Product Type","Custom-Order Inputs by Product Type for OKEYHAUL research.","okeyhaulindex category research","working editorial intent; verify against GSC before retargeting","index, follow","https://okeyhaulindex.com/en/categories","200","pass"
"okeyhaulindex.com","https://okeyhaulindex.com/en/faq","/en/faq","OKEYHAUL Custom Orders, Estimates and Parcels","OKEYHAUL questions answered from the responsible evidence stage.","okeyhaulindex questions and verification","working editorial intent; verify against GSC before retargeting","index, follow","https://okeyhaulindex.com/en/faq","200","pass"
"okeyhaulindex.com","https://okeyhaulindex.com/en/guide","/en/guide","OKEYHAUL Procurement, Warehouse and Packing Stages","Turn an OKEYHAUL estimate into a staged parcel record.","okeyhaulindex guide","working editorial intent; verify against GSC before retargeting","index, follow","https://okeyhaulindex.com/en/guide","200","pass"
"okeyhaulindex.com","https://okeyhaulindex.com/en/qc-checklist","/en/qc-checklist","OKEYHAUL Received-Item and Packing Checks","Compare OKEYHAUL QC evidence with the exact saved request.","okeyhaulindex qc checklist","working editorial intent; verify against GSC before retargeting","index, follow","https://okeyhaulindex.com/en/qc-checklist","200","pass"
"okeyhaulindex.com","https://okeyhaulindex.com/en/safety","/en/safety","OKEYHAUL Payments, Support and Carrier Evidence","Evaluate the current OKEYHAUL evidence chain by stage.","okeyhaulindex safety","working editorial intent; verify against GSC before retargeting","index, follow","https://okeyhaulindex.com/en/safety","200","pass"
"okeyhaulindex.com","https://okeyhaulindex.com/en/shipping","/en/shipping","OKEYHAUL Estimator Inputs Versus Packed Parcel","Build a OKEYHAUL parcel record from confirmed inputs.","okeyhaulindex shipping","working editorial intent; verify against GSC before retargeting","index, follow","https://okeyhaulindex.com/en/shipping","200","pass"
"okeyhaulindex.com","https://okeyhaulindex.com/en/source-check","/en/source-check","OKEYHAUL Submitted Details and Purchase Records","Keep every OKEYHAUL result attached to the responsible source.","okeyhaulindex source check","working editorial intent; verify against GSC before retargeting","index, follow","https://okeyhaulindex.com/en/source-check","200","pass"
"oopbuyindex.net","https://oopbuyindex.net/en","/en","Oopbuy Spreadsheet Guide | Link Score, QC and Shipping Checks","Score the link before saving the find. Source, option, evidence, route.","oopbuyindex independent product research","working editorial intent; verify against GSC before retargeting","index, follow","https://oopbuyindex.net/en","200","pass"
"oopbuyindex.net","https://oopbuyindex.net/en/categories","/en/categories","Oopbuy Spreadsheet Categories | Build Product-Specific Checks","Change the checklist when the product category changes.","oopbuyindex category research","working editorial intent; verify against GSC before retargeting","index, follow","https://oopbuyindex.net/en/categories","200","pass"
"oopbuyindex.net","https://oopbuyindex.net/en/faq","/en/faq","Oopbuy FAQ | Spreadsheet Links, QC Evidence and Shipping","Keep every answer attached to its source and date.","oopbuyindex questions and verification","working editorial intent; verify against GSC before retargeting","index, follow","https://oopbuyindex.net/en/faq","200","pass"
"oopbuyindex.net","https://oopbuyindex.net/en/guide","/en/guide","Oopbuy Guide | Product Link, Warehouse and Parcel Evidence","Use the record created at each Oopbuy stage.","oopbuyindex guide","working editorial intent; verify against GSC before retargeting","index, follow","https://oopbuyindex.net/en/guide","200","pass"
"oopbuyindex.net","https://oopbuyindex.net/en/oopbuy-score","/en/oopbuy-score","Oopbuy Score | Product Link Quality and Evidence Method","Score whether the link can be reviewed again.","oopbuyindex oopbuy score","working editorial intent; verify against GSC before retargeting","index, follow","https://oopbuyindex.net/en/oopbuy-score","200","pass"
"oopbuyindex.net","https://oopbuyindex.net/en/safety","/en/safety","Is Oopbuy Legit and Safe? Current Service Verification Checklist","Replace a permanent verdict with dated, repeatable checks.","oopbuyindex safety","working editorial intent; verify against GSC before retargeting","index, follow","https://oopbuyindex.net/en/safety","200","pass"
"oopbuyindex.net","https://oopbuyindex.net/en/search-ideas","/en/search-ideas","Oopbuy Search Ideas | Build Precise Spreadsheet Queries","Use one constraint that changes the comparison.","oopbuyindex search ideas","working editorial intent; verify against GSC before retargeting","index, follow","https://oopbuyindex.net/en/search-ideas","200","pass"
"oopbuyindex.net","https://oopbuyindex.net/en/shipping","/en/shipping","Oopbuy Shipping Prices Guide | Two Costs and Parcel Evidence","Keep the two shipping costs in separate records.","oopbuyindex shipping","working editorial intent; verify against GSC before retargeting","index, follow","https://oopbuyindex.net/en/shipping","200","pass"
"ootdbuyindex.com","https://ootdbuyindex.com/en","/en","OOTDBuy Guide | Custom Orders, Forwarding and Shipping Calculator","Choose the right OOTDBuy entry point before comparing parcels. Custom order and forwarding need different source records.","ootdbuyindex independent product research","working editorial intent; verify against GSC before retargeting","index, follow","https://ootdbuyindex.com/en","200","pass"
"ootdbuyindex.com","https://ootdbuyindex.com/en/categories","/en/categories","OOTDBuy Products, Returns and Entry-Point Choice","Products, Returns and Entry-Point Choice for OOTDBuy research.","ootdbuyindex category research","working editorial intent; verify against GSC before retargeting","index, follow","https://ootdbuyindex.com/en/categories","200","pass"
"ootdbuyindex.com","https://ootdbuyindex.com/en/faq","/en/faq","OOTDBuy Custom Orders, Forwarding and Returns","OOTDBuy questions answered from the responsible evidence stage.","ootdbuyindex questions and verification","working editorial intent; verify against GSC before retargeting","index, follow","https://ootdbuyindex.com/en/faq","200","pass"
"ootdbuyindex.com","https://ootdbuyindex.com/en/guide","/en/guide","OOTDBuy Custom Order Versus Forwarding","Choose the right OOTDBuy entry point before comparing parcels.","ootdbuyindex guide","working editorial intent; verify against GSC before retargeting","index, follow","https://ootdbuyindex.com/en/guide","200","pass"
"ootdbuyindex.com","https://ootdbuyindex.com/en/qc-checklist","/en/qc-checklist","OOTDBuy QC Photos and Return Questions","Compare OOTDBuy QC evidence with the exact saved request.","ootdbuyindex qc checklist","working editorial intent; verify against GSC before retargeting","index, follow","https://ootdbuyindex.com/en/qc-checklist","200","pass"
"ootdbuyindex.com","https://ootdbuyindex.com/en/safety","/en/safety","OOTDBuy Orders, Returns and Tracking Evidence","Evaluate the current OOTDBuy evidence chain by stage.","ootdbuyindex safety","working editorial intent; verify against GSC before retargeting","index, follow","https://ootdbuyindex.com/en/safety","200","pass"
"ootdbuyindex.com","https://ootdbuyindex.com/en/shipping","/en/shipping","OOTDBuy Calculator Inputs and Consolidated Parcels","Build a OOTDBuy parcel record from confirmed inputs.","ootdbuyindex shipping","working editorial intent; verify against GSC before retargeting","index, follow","https://ootdbuyindex.com/en/shipping","200","pass"
"ootdbuyindex.com","https://ootdbuyindex.com/en/source-check","/en/source-check","OOTDBuy Seller Link and Warehouse Destination","Keep every OOTDBuy result attached to the responsible source.","ootdbuyindex source check","working editorial intent; verify against GSC before retargeting","index, follow","https://ootdbuyindex.com/en/source-check","200","pass"
"orientdigindex.com","https://orientdigindex.com/en","/en","OrientDig Spreadsheet Index | Product Score, QC and Category Checks","Measure the evidence, not the hype. Category first. Score second. Source always.","orientdigindex independent product research","working editorial intent; verify against GSC before retargeting","index, follow","https://orientdigindex.com/en","200","pass"
"orientdigindex.com","https://orientdigindex.com/en/buyer-safety","/en/buyer-safety","Is OrientDig Legit and Safe? Dated Service Evidence Checklist","Recheck the evidence relevant to the next action.","orientdigindex buyer safety","working editorial intent; verify against GSC before retargeting","index, follow","https://orientdigindex.com/en/buyer-safety","200","pass"
"orientdigindex.com","https://orientdigindex.com/en/categories","/en/categories","OrientDig Spreadsheet Categories | Evidence Fields by Product Type","Let the product type define the evidence.","orientdigindex category research","working editorial intent; verify against GSC before retargeting","index, follow","https://orientdigindex.com/en/categories","200","pass"
"orientdigindex.com","https://orientdigindex.com/en/faq","/en/faq","OrientDig FAQ | Spreadsheet, QC, Score and Shipping Evidence","Answer with the current source, date and limit.","orientdigindex questions and verification","working editorial intent; verify against GSC before retargeting","index, follow","https://orientdigindex.com/en/faq","200","pass"
"orientdigindex.com","https://orientdigindex.com/en/orient-score-methodology","/en/orient-score-methodology","Orient Score Methodology | Transparent Product Evidence Weights","A transparent score should show both evidence and limits.","orientdigindex orient score methodology","working editorial intent; verify against GSC before retargeting","index, follow","https://orientdigindex.com/en/orient-score-methodology","200","pass"
"orientdigindex.com","https://orientdigindex.com/en/orientdig-bags-spreadsheet","/en/orientdig-bags-spreadsheet","OrientDig Bags Spreadsheet | Dimensions, Closures and QC Evidence","Measure the bag and account for every component.","orientdigindex orientdig bags spreadsheet","working editorial intent; verify against GSC before retargeting","index, follow","https://orientdigindex.com/en/orientdig-bags-spreadsheet","200","pass"
"orientdigindex.com","https://orientdigindex.com/en/orientdig-electronics-spreadsheet","/en/orientdig-electronics-spreadsheet","OrientDig Electronics Spreadsheet | Model and Compatibility Checks","Compatibility belongs in the product record.","orientdigindex orientdig electronics spreadsheet","working editorial intent; verify against GSC before retargeting","index, follow","https://orientdigindex.com/en/orientdig-electronics-spreadsheet","200","pass"
"orientdigindex.com","https://orientdigindex.com/en/orientdig-hoodies-spreadsheet","/en/orientdig-hoodies-spreadsheet","OrientDig Hoodies Spreadsheet | Measurements, Fabric and QC Guide","Use garment measurements instead of a size label alone.","orientdigindex orientdig hoodies spreadsheet","working editorial intent; verify against GSC before retargeting","index, follow","https://orientdigindex.com/en/orientdig-hoodies-spreadsheet","200","pass"
"orientdigindex.com","https://orientdigindex.com/en/orientdig-qc-photos-guide","/en/orientdig-qc-photos-guide","OrientDig QC Photos Guide | Match Received Evidence to the Order","Compare what arrived with what was requested.","orientdigindex orientdig qc photos guide","working editorial intent; verify against GSC before retargeting","index, follow","https://orientdigindex.com/en/orientdig-qc-photos-guide","200","pass"
"orientdigindex.com","https://orientdigindex.com/en/orientdig-shoes-spreadsheet","/en/orientdig-shoes-spreadsheet","OrientDig Shoes Spreadsheet | Size, Construction and QC Checks","Build the shoe record around fit and construction.","orientdigindex orientdig shoes spreadsheet","working editorial intent; verify against GSC before retargeting","index, follow","https://orientdigindex.com/en/orientdig-shoes-spreadsheet","200","pass"
"orientdigindex.com","https://orientdigindex.com/en/orientdig-spreadsheet","/en/orientdig-spreadsheet","OrientDig Spreadsheet | Build a Dated Product Evidence Index","Treat every row as a claim that needs a source.","orientdigindex orientdig spreadsheet","working editorial intent; verify against GSC before retargeting","index, follow","https://orientdigindex.com/en/orientdig-spreadsheet","200","pass"
"orientdigindex.com","https://orientdigindex.com/en/search-ideas","/en/search-ideas","OrientDig Search Ideas | Category and Evidence Query Builder","Search for the field that changes the decision.","orientdigindex search ideas","working editorial intent; verify against GSC before retargeting","index, follow","https://orientdigindex.com/en/search-ideas","200","pass"
"orientdigindex.com","https://orientdigindex.com/en/shipping-weight-guide","/en/shipping-weight-guide","OrientDig Shipping Weight Guide | Measured Parcel Inputs","Do not turn a listing estimate into a shipping promise.","orientdigindex shipping weight guide","working editorial intent; verify against GSC before retargeting","index, follow","https://orientdigindex.com/en/shipping-weight-guide","200","pass"
"orientdigindex.com","https://orientdigindex.com/en/spreadsheet-checklist","/en/spreadsheet-checklist","OrientDig Spreadsheet Checklist | Source, Option and Evidence Review","Reject rows that cannot explain their evidence.","orientdigindex spreadsheet checklist","working editorial intent; verify against GSC before retargeting","index, follow","https://orientdigindex.com/en/spreadsheet-checklist","200","pass"
"ossbuyindex.com","https://ossbuyindex.com/en","/en","OssBuy Agent Guide | Taobao, Weidian, 1688 and Warehouse QC","Review an OssBuy order as four separate evidence stages. Source, warehouse, inspection, parcel.","ossbuyindex independent product research","working editorial intent; verify against GSC before retargeting","index, follow","https://ossbuyindex.com/en","200","pass"
"ossbuyindex.com","https://ossbuyindex.com/en/categories","/en/categories","OssBuy Taobao, Weidian and 1688 Product Fields","Taobao, Weidian and 1688 Product Fields for OssBuy research.","ossbuyindex category research","working editorial intent; verify against GSC before retargeting","index, follow","https://ossbuyindex.com/en/categories","200","pass"
"ossbuyindex.com","https://ossbuyindex.com/en/faq","/en/faq","OssBuy Marketplaces, Inspection and Consolidation","OssBuy questions answered from the responsible evidence stage.","ossbuyindex questions and verification","working editorial intent; verify against GSC before retargeting","index, follow","https://ossbuyindex.com/en/faq","200","pass"
"ossbuyindex.com","https://ossbuyindex.com/en/guide","/en/guide","OssBuy Marketplace Link to Consolidated Parcel","Review an OssBuy order as four separate evidence stages.","ossbuyindex guide","working editorial intent; verify against GSC before retargeting","index, follow","https://ossbuyindex.com/en/guide","200","pass"
"ossbuyindex.com","https://ossbuyindex.com/en/qc-checklist","/en/qc-checklist","OssBuy Warehouse Inspection Boundaries","Compare OssBuy QC evidence with the exact saved request.","ossbuyindex qc checklist","working editorial intent; verify against GSC before retargeting","index, follow","https://ossbuyindex.com/en/qc-checklist","200","pass"
"ossbuyindex.com","https://ossbuyindex.com/en/safety","/en/safety","OssBuy Order, Warehouse and Tracking Records","Evaluate the current OssBuy evidence chain by stage.","ossbuyindex safety","working editorial intent; verify against GSC before retargeting","index, follow","https://ossbuyindex.com/en/safety","200","pass"
"ossbuyindex.com","https://ossbuyindex.com/en/shipping","/en/shipping","OssBuy Consolidation and Global Parcel Inputs","Build a OssBuy parcel record from confirmed inputs.","ossbuyindex shipping","working editorial intent; verify against GSC before retargeting","index, follow","https://ossbuyindex.com/en/shipping","200","pass"
"ossbuyindex.com","https://ossbuyindex.com/en/source-check","/en/source-check","OssBuy Seller, Listing and Selected Option","Keep every OssBuy result attached to the responsible source.","ossbuyindex source check","working editorial intent; verify against GSC before retargeting","index, follow","https://ossbuyindex.com/en/source-check","200","pass"
"pantherbuyindex.com","https://pantherbuyindex.com/en","/en","PantherBuy Product Search | Source Availability and Link Review","Trace a PantherBuy product clue to a source you can reopen. Record access first. Leave unavailable evidence unresolved.","pantherbuyindex independent product research","working editorial intent; verify against GSC before retargeting","index, follow","https://pantherbuyindex.com/en","200","pass"
"pantherbuyindex.com","https://pantherbuyindex.com/en/categories","/en/categories","PantherBuy Product Types and Evidence Gaps","Product Types and Evidence Gaps for PantherBuy research.","pantherbuyindex category research","working editorial intent; verify against GSC before retargeting","index, follow","https://pantherbuyindex.com/en/categories","200","pass"
"pantherbuyindex.com","https://pantherbuyindex.com/en/faq","/en/faq","PantherBuy Access, Sources and Research Boundaries","PantherBuy questions answered from the responsible evidence stage.","pantherbuyindex questions and verification","working editorial intent; verify against GSC before retargeting","index, follow","https://pantherbuyindex.com/en/faq","200","pass"
"pantherbuyindex.com","https://pantherbuyindex.com/en/guide","/en/guide","PantherBuy Availability and Source Review","Trace a PantherBuy product clue to a source you can reopen.","pantherbuyindex guide","working editorial intent; verify against GSC before retargeting","index, follow","https://pantherbuyindex.com/en/guide","200","pass"
"pantherbuyindex.com","https://pantherbuyindex.com/en/qc-checklist","/en/qc-checklist","PantherBuy Visible Details and Missing Views","Compare PantherBuy QC evidence with the exact saved request.","pantherbuyindex qc checklist","working editorial intent; verify against GSC before retargeting","index, follow","https://pantherbuyindex.com/en/qc-checklist","200","pass"
"pantherbuyindex.com","https://pantherbuyindex.com/en/safety","/en/safety","PantherBuy Current Domain and Transaction Evidence","Evaluate the current PantherBuy evidence chain by stage.","pantherbuyindex safety","working editorial intent; verify against GSC before retargeting","index, follow","https://pantherbuyindex.com/en/safety","200","pass"
"pantherbuyindex.com","https://pantherbuyindex.com/en/shipping","/en/shipping","PantherBuy Measured Parcels and Current Routes","Build a PantherBuy parcel record from confirmed inputs.","pantherbuyindex shipping","working editorial intent; verify against GSC before retargeting","index, follow","https://pantherbuyindex.com/en/shipping","200","pass"
"pantherbuyindex.com","https://pantherbuyindex.com/en/source-check","/en/source-check","PantherBuy Resolved URLs and Access Dates","Keep every PantherBuy result attached to the responsible source.","pantherbuyindex source check","working editorial intent; verify against GSC before retargeting","index, follow","https://pantherbuyindex.com/en/source-check","200","pass"
"parcelupindex.com","https://parcelupindex.com/en","/en","Parcel Up Index | Taobao Orders, QC and Shipping Guide","Keep the Taobao source attached to every parcel step. Order, warehouse, consolidate, ship.","parcelupindex independent product research","working editorial intent; verify against GSC before retargeting","index, follow","https://parcelupindex.com/en","200","pass"
"parcelupindex.com","https://parcelupindex.com/en/about-parcel-up-index","/en/about-parcel-up-index","About Parcel Up Index | Independent Taobao Order Research Guide","An independent record of product-to-parcel handoffs.","parcelupindex about parcel up index","working editorial intent; verify against GSC before retargeting","index, follow","https://parcelupindex.com/en/about-parcel-up-index","200","pass"
"parcelupindex.com","https://parcelupindex.com/en/categories","/en/categories","Parcel Up Categories | Product Evidence Before the Taobao Order","Start the order record with the fields the product type requires.","parcelupindex category research","working editorial intent; verify against GSC before retargeting","index, follow","https://parcelupindex.com/en/categories","200","pass"
"parcelupindex.com","https://parcelupindex.com/en/fees-and-budgeting","/en/fees-and-budgeting","Parcel Up Shipping Cost | First and Second Payment Budgeting","Budget the product and parcel as two evidence stages.","parcelupindex fees and budgeting","working editorial intent; verify against GSC before retargeting","index, follow","https://parcelupindex.com/en/fees-and-budgeting","200","pass"
"parcelupindex.com","https://parcelupindex.com/en/getting-started","/en/getting-started","Parcel Up Getting Started | Taobao Product and First Payment Guide","Create the product record before paying for the item.","parcelupindex getting started","working editorial intent; verify against GSC before retargeting","index, follow","https://parcelupindex.com/en/getting-started","200","pass"
"parcelupindex.com","https://parcelupindex.com/en/methodology","/en/methodology","Parcel Up Index Methodology | Source, Date and Handoff Controls","Publish only records that survive a handoff review.","parcelupindex methodology","working editorial intent; verify against GSC before retargeting","index, follow","https://parcelupindex.com/en/methodology","200","pass"
"parcelupindex.com","https://parcelupindex.com/en/official-sources","/en/official-sources","Parcel Up Sources | Verify Domain, Taobao Listing and Order Records","Ask which source is responsible for the fact.","parcelupindex official sources","working editorial intent; verify against GSC before retargeting","index, follow","https://parcelupindex.com/en/official-sources","200","pass"
"parcelupindex.com","https://parcelupindex.com/en/product-index-method","/en/product-index-method","Parcel Up Spreadsheet Method | Preserve Taobao Source Evidence","Index the evidence trail, not a detached product card.","parcelupindex product index method","working editorial intent; verify against GSC before retargeting","index, follow","https://parcelupindex.com/en/product-index-method","200","pass"
"parcelupindex.com","https://parcelupindex.com/en/qc-checklist","/en/qc-checklist","Parcel Up QC Photos | Taobao Warehouse Quality Check Guide","Compare the received item with the preserved source.","parcelupindex qc checklist","working editorial intent; verify against GSC before retargeting","index, follow","https://parcelupindex.com/en/qc-checklist","200","pass"
"parcelupindex.com","https://parcelupindex.com/en/shipping-and-warehouse","/en/shipping-and-warehouse","Parcel Up Warehouse and Shipping | Consolidation and Tracking Guide","Build the parcel only after every item record is complete.","parcelupindex shipping and warehouse","working editorial intent; verify against GSC before retargeting","index, follow","https://parcelupindex.com/en/shipping-and-warehouse","200","pass"
"parcelupindex.com","https://parcelupindex.com/en/tracking","/en/tracking","Parcel Up Tracking Guide | Use the Carrier and Tracking Number","Track each carrier handoff from the official record.","parcelupindex tracking","working editorial intent; verify against GSC before retargeting","index, follow","https://parcelupindex.com/en/tracking","200","pass"
"ponybuyindex.com","https://ponybuyindex.com/en","/en","PonyBuy Shopping Agent Guide | Fill and Buy, Forwarding and QC","Follow a PonyBuy request from product link to warehouse record. Keep Fill and Buy separate from forwarding.","ponybuyindex independent product research","working editorial intent; verify against GSC before retargeting","index, follow","https://ponybuyindex.com/en","200","pass"
"ponybuyindex.com","https://ponybuyindex.com/en/categories","/en/categories","PonyBuy Products, Options and Request Types","Products, Options and Request Types for PonyBuy research.","ponybuyindex category research","working editorial intent; verify against GSC before retargeting","index, follow","https://ponybuyindex.com/en/categories","200","pass"
"ponybuyindex.com","https://ponybuyindex.com/en/faq","/en/faq","PonyBuy Requests, Warehouse Records and Delivery","PonyBuy questions answered from the responsible evidence stage.","ponybuyindex questions and verification","working editorial intent; verify against GSC before retargeting","index, follow","https://ponybuyindex.com/en/faq","200","pass"
"ponybuyindex.com","https://ponybuyindex.com/en/guide","/en/guide","PonyBuy Fill and Buy Versus Forwarding","Follow a PonyBuy request from product link to warehouse record.","ponybuyindex guide","working editorial intent; verify against GSC before retargeting","index, follow","https://ponybuyindex.com/en/guide","200","pass"
"ponybuyindex.com","https://ponybuyindex.com/en/qc-checklist","/en/qc-checklist","PonyBuy Warehouse and After-Sale Evidence","Compare PonyBuy QC evidence with the exact saved request.","ponybuyindex qc checklist","working editorial intent; verify against GSC before retargeting","index, follow","https://ponybuyindex.com/en/qc-checklist","200","pass"
"ponybuyindex.com","https://ponybuyindex.com/en/safety","/en/safety","PonyBuy Account, Payment and Order Controls","Evaluate the current PonyBuy evidence chain by stage.","ponybuyindex safety","working editorial intent; verify against GSC before retargeting","index, follow","https://ponybuyindex.com/en/safety","200","pass"
"ponybuyindex.com","https://ponybuyindex.com/en/shipping","/en/shipping","PonyBuy Packaging, Charges and Delivery Inputs","Build a PonyBuy parcel record from confirmed inputs.","ponybuyindex shipping","working editorial intent; verify against GSC before retargeting","index, follow","https://ponybuyindex.com/en/shipping","200","pass"
"ponybuyindex.com","https://ponybuyindex.com/en/source-check","/en/source-check","PonyBuy Product Links and Request Records","Keep every PonyBuy result attached to the responsible source.","ponybuyindex source check","working editorial intent; verify against GSC before retargeting","index, follow","https://ponybuyindex.com/en/source-check","200","pass"
"rizzitgoindex.com","https://rizzitgoindex.com/en","/en","RizzitGo Guide | Taobao, 1688, Weidian QC and Forwarding Data","Turn RizzitGo source and QC data into a dated evidence ledger. Keep source IDs, measurements and completion times together.","rizzitgoindex independent product research","working editorial intent; verify against GSC before retargeting","index, follow","https://rizzitgoindex.com/en","200","pass"
"rizzitgoindex.com","https://rizzitgoindex.com/en/categories","/en/categories","RizzitGo Taobao, 1688 and Weidian Data Fields","Taobao, 1688 and Weidian Data Fields for RizzitGo research.","rizzitgoindex category research","working editorial intent; verify against GSC before retargeting","index, follow","https://rizzitgoindex.com/en/categories","200","pass"
"rizzitgoindex.com","https://rizzitgoindex.com/en/faq","/en/faq","RizzitGo Source IDs, QC Data and Forwarding","RizzitGo questions answered from the responsible evidence stage.","rizzitgoindex questions and verification","working editorial intent; verify against GSC before retargeting","index, follow","https://rizzitgoindex.com/en/faq","200","pass"
"rizzitgoindex.com","https://rizzitgoindex.com/en/guide","/en/guide","RizzitGo Source Parsing, QC and Forwarding Records","Turn RizzitGo source and QC data into a dated evidence ledger.","rizzitgoindex guide","working editorial intent; verify against GSC before retargeting","index, follow","https://rizzitgoindex.com/en/guide","200","pass"
"rizzitgoindex.com","https://rizzitgoindex.com/en/qc-checklist","/en/qc-checklist","RizzitGo Images, Dimensions, Weight and Time","Compare RizzitGo QC evidence with the exact saved request.","rizzitgoindex qc checklist","working editorial intent; verify against GSC before retargeting","index, follow","https://rizzitgoindex.com/en/qc-checklist","200","pass"
"rizzitgoindex.com","https://rizzitgoindex.com/en/safety","/en/safety","RizzitGo Permissions, Orders and Parcel Events","Evaluate the current RizzitGo evidence chain by stage.","rizzitgoindex safety","working editorial intent; verify against GSC before retargeting","index, follow","https://rizzitgoindex.com/en/safety","200","pass"
"rizzitgoindex.com","https://rizzitgoindex.com/en/shipping","/en/shipping","RizzitGo Bag Orders and Logistics Tracking","Build a RizzitGo parcel record from confirmed inputs.","rizzitgoindex shipping","working editorial intent; verify against GSC before retargeting","index, follow","https://rizzitgoindex.com/en/shipping","200","pass"
"rizzitgoindex.com","https://rizzitgoindex.com/en/source-check","/en/source-check","RizzitGo Marketplace Code and Goods ID","Keep every RizzitGo result attached to the responsible source.","rizzitgoindex source check","working editorial intent; verify against GSC before retargeting","index, follow","https://rizzitgoindex.com/en/source-check","200","pass"
"spanbuyindex.com","https://spanbuyindex.com/en","/en","SpanBuy Guide | Product Links, Forwarding and Customs Research","Add customs and restriction checks to a SpanBuy product record. Route availability does not guarantee clearance.","spanbuyindex independent product research","working editorial intent; verify against GSC before retargeting","index, follow","https://spanbuyindex.com/en","200","pass"
"spanbuyindex.com","https://spanbuyindex.com/en/categories","/en/categories","SpanBuy Product Restrictions and Declaration Fields","Product Restrictions and Declaration Fields for SpanBuy research.","spanbuyindex category research","working editorial intent; verify against GSC before retargeting","index, follow","https://spanbuyindex.com/en/categories","200","pass"
"spanbuyindex.com","https://spanbuyindex.com/en/faq","/en/faq","SpanBuy Forwarding, Declarations and Customs Limits","SpanBuy questions answered from the responsible evidence stage.","spanbuyindex questions and verification","working editorial intent; verify against GSC before retargeting","index, follow","https://spanbuyindex.com/en/faq","200","pass"
"spanbuyindex.com","https://spanbuyindex.com/en/guide","/en/guide","SpanBuy Purchase, Warehouse and Customs Handoffs","Add customs and restriction checks to a SpanBuy product record.","spanbuyindex guide","working editorial intent; verify against GSC before retargeting","index, follow","https://spanbuyindex.com/en/guide","200","pass"
"spanbuyindex.com","https://spanbuyindex.com/en/qc-checklist","/en/qc-checklist","SpanBuy Warehouse Receipt and Visible Condition","Compare SpanBuy QC evidence with the exact saved request.","spanbuyindex qc checklist","working editorial intent; verify against GSC before retargeting","index, follow","https://spanbuyindex.com/en/qc-checklist","200","pass"
"spanbuyindex.com","https://spanbuyindex.com/en/safety","/en/safety","SpanBuy Restrictions, Customs and Delivery Evidence","Evaluate the current SpanBuy evidence chain by stage.","spanbuyindex safety","working editorial intent; verify against GSC before retargeting","index, follow","https://spanbuyindex.com/en/safety","200","pass"
"spanbuyindex.com","https://spanbuyindex.com/en/shipping","/en/shipping","SpanBuy Routes, Declarations and Destination Rules","Build a SpanBuy parcel record from confirmed inputs.","spanbuyindex shipping","working editorial intent; verify against GSC before retargeting","index, follow","https://spanbuyindex.com/en/shipping","200","pass"
"spanbuyindex.com","https://spanbuyindex.com/en/source-check","/en/source-check","SpanBuy Product Link, Seller and Declared Contents","Keep every SpanBuy result attached to the responsible source.","spanbuyindex source check","working editorial intent; verify against GSC before retargeting","index, follow","https://spanbuyindex.com/en/source-check","200","pass"
"sugargooindex.net","https://sugargooindex.net/en","/en","Sugargoo Guide | Spreadsheet, QC, Shipping and Package Tracking","Follow the product from source to parcel. Search, option, QC, ship.","sugargooindex independent product research","working editorial intent; verify against GSC before retargeting","index, follow","https://sugargooindex.net/en","200","pass"
"sugargooindex.net","https://sugargooindex.net/en/categories","/en/categories","Sugargoo Product Categories | Evidence Checks by Item Type","Give every product type its own evidence threshold.","sugargooindex category research","working editorial intent; verify against GSC before retargeting","index, follow","https://sugargooindex.net/en/categories","200","pass"
"sugargooindex.net","https://sugargooindex.net/en/faq","/en/faq","Sugargoo Spreadsheet FAQ | Links, QC and Shipping Evidence","Know which source can answer each question.","sugargooindex questions and verification","working editorial intent; verify against GSC before retargeting","index, follow","https://sugargooindex.net/en/faq","200","pass"
"sugargooindex.net","https://sugargooindex.net/en/sugargoo-buying-guide","/en/sugargoo-buying-guide","How Sugargoo Works | Product, Warehouse and Parcel Workflow","Keep each handoff attached to its evidence.","sugargooindex sugargoo buying guide","working editorial intent; verify against GSC before retargeting","index, follow","https://sugargooindex.net/en/sugargoo-buying-guide","200","pass"
"sugargooindex.net","https://sugargooindex.net/en/sugargoo-qc-guide","/en/sugargoo-qc-guide","Sugargoo QC Guide | Review Warehouse Photos Before Shipping","Read QC photos against the order record.","sugargooindex sugargoo qc guide","working editorial intent; verify against GSC before retargeting","index, follow","https://sugargooindex.net/en/sugargoo-qc-guide","200","pass"
"sugargooindex.net","https://sugargooindex.net/en/sugargoo-shipping-guide","/en/sugargoo-shipping-guide","Sugargoo Shipping Guide | Weight, Consolidation and Route Inputs","Estimate the measured parcel, not the catalog card.","sugargooindex sugargoo shipping guide","working editorial intent; verify against GSC before retargeting","index, follow","https://sugargooindex.net/en/sugargoo-shipping-guide","200","pass"
"sugargooindex.net","https://sugargooindex.net/en/sugargoo-spreadsheet","/en/sugargoo-spreadsheet","Sugargoo Spreadsheet | Refresh Product Links and Options","Turn a spreadsheet row into a current product record.","sugargooindex sugargoo spreadsheet","working editorial intent; verify against GSC before retargeting","index, follow","https://sugargooindex.net/en/sugargoo-spreadsheet","200","pass"
"sugargooindex.net","https://sugargooindex.net/en/tracking","/en/tracking","Sugargoo Tracking Guide | Record Parcel Scans and Handoffs","Track each handoff with dated evidence.","sugargooindex tracking","working editorial intent; verify against GSC before retargeting","index, follow","https://sugargooindex.net/en/tracking","200","pass"
"superbuydeals.com","https://superbuydeals.com/en","/en","Superbuy Deals Guide | Verify Offers, Prices and Conditions","A deal needs terms, a source and a date. Verify before you publish.","superbuydeals independent product research","working editorial intent; verify against GSC before retargeting","index, follow","https://superbuydeals.com/en","200","pass"
"superbuydeals.com","https://superbuydeals.com/en/categories","/en/categories","Superbuy Price Categories | Compare Like Charges and Products","Compare the same cost layer inside the same category.","superbuydeals category research","working editorial intent; verify against GSC before retargeting","index, follow","https://superbuydeals.com/en/categories","200","pass"
"superbuydeals.com","https://superbuydeals.com/en/faq","/en/faq","Superbuy Deals FAQ | Coupons, Prices and Expired Offers","Treat every promotional claim as time-sensitive.","superbuydeals questions and verification","working editorial intent; verify against GSC before retargeting","index, follow","https://superbuydeals.com/en/faq","200","pass"
"superbuydeals.com","https://superbuydeals.com/en/shipping-weight-guide","/en/shipping-weight-guide","Superbuy Shipping Calculator Guide | Inputs and Final Cost","Use the official fields, then keep the final parcel bill.","superbuydeals shipping weight guide","working editorial intent; verify against GSC before retargeting","index, follow","https://superbuydeals.com/en/shipping-weight-guide","200","pass"
"superbuydeals.com","https://superbuydeals.com/en/spreadsheet-checklist","/en/spreadsheet-checklist","Superbuy Coupon and Deal Checklist | Verify Before Publishing","Require enough evidence to remove the offer later.","superbuydeals spreadsheet checklist","working editorial intent; verify against GSC before retargeting","index, follow","https://superbuydeals.com/en/spreadsheet-checklist","200","pass"
"superbuydeals.com","https://superbuydeals.com/en/superbuy-spreadsheet","/en/superbuy-spreadsheet","Superbuy Deal Archive | Source Dates, Terms and Status","Archive the terms that made an offer real.","superbuydeals superbuy spreadsheet","working editorial intent; verify against GSC before retargeting","index, follow","https://superbuydeals.com/en/superbuy-spreadsheet","200","pass"
"superbuyindex.com","https://superbuyindex.com/en","/en","Superbuy Spreadsheet | Search and Refresh Product Links","Turn a broad search into a reviewable shortlist. Query, deduplicate, retain.","superbuyindex independent product research","working editorial intent; verify against GSC before retargeting","index, follow","https://superbuyindex.com/en","200","pass"
"superbuyindex.com","https://superbuyindex.com/en/buyer-safety","/en/buyer-safety","Superbuy Product Research Safety | Separate Platform and Item Claims","A platform page cannot verify every product claim.","superbuyindex buyer safety","working editorial intent; verify against GSC before retargeting","index, follow","https://superbuyindex.com/en/buyer-safety","200","pass"
"superbuyindex.com","https://superbuyindex.com/en/categories","/en/categories","Superbuy Index Categories | Product-Specific Search Fields","Define comparable fields before searching a category.","superbuyindex category research","working editorial intent; verify against GSC before retargeting","index, follow","https://superbuyindex.com/en/categories","200","pass"
"superbuyindex.com","https://superbuyindex.com/en/faq","/en/faq","Superbuy Index FAQ | Spreadsheet Queries and Source Refresh","Know why a row is indexed and when it should leave.","superbuyindex questions and verification","working editorial intent; verify against GSC before retargeting","index, follow","https://superbuyindex.com/en/faq","200","pass"
"superbuyindex.com","https://superbuyindex.com/en/search-ideas","/en/search-ideas","Superbuy Search Ideas | Queries for Reviewable Product Leads","Add the constraint that changes the next decision.","superbuyindex search ideas","working editorial intent; verify against GSC before retargeting","index, follow","https://superbuyindex.com/en/search-ideas","200","pass"
"superbuyindex.com","https://superbuyindex.com/en/shipping-weight-guide","/en/shipping-weight-guide","Superbuy Shipping Research | Parcel Weight and Route Boundaries","Keep shipping estimates outside the product row.","superbuyindex shipping weight guide","working editorial intent; verify against GSC before retargeting","index, follow","https://superbuyindex.com/en/shipping-weight-guide","200","pass"
"superbuyindex.com","https://superbuyindex.com/en/spreadsheet-checklist","/en/spreadsheet-checklist","Superbuy Spreadsheet Checklist | Public Index Quality Gate","Do not publish an automatically collected row by default.","superbuyindex spreadsheet checklist","working editorial intent; verify against GSC before retargeting","index, follow","https://superbuyindex.com/en/spreadsheet-checklist","200","pass"
"superbuyindex.com","https://superbuyindex.com/en/superbuy-spreadsheet","/en/superbuy-spreadsheet","Superbuy Spreadsheet Index | Query, Deduplicate and Refresh","Keep the query and reason for retention beside each row.","superbuyindex superbuy spreadsheet","working editorial intent; verify against GSC before retargeting","index, follow","https://superbuyindex.com/en/superbuy-spreadsheet","200","pass"
"superbuyitems.com","https://superbuyitems.com/en","/en","Superbuy Items Guide | Product Links, Options and QC Evidence","Inspect a Superbuy-linked item in context. Compare what the listing actually shows.","superbuyitems independent product research","working editorial intent; verify against GSC before retargeting","index, follow","https://superbuyitems.com/en","200","pass"
"superbuyitems.com","https://superbuyitems.com/en/categories","/en/categories","Superbuy Item Categories | Evidence Fields for Each Product Type","Change the checklist when the product changes.","superbuyitems category research","working editorial intent; verify against GSC before retargeting","index, follow","https://superbuyitems.com/en/categories","200","pass"
"superbuyitems.com","https://superbuyitems.com/en/faq","/en/faq","Superbuy Items FAQ | Product Links, Options and QC Evidence","Keep the exact product and evidence layer clear.","superbuyitems questions and verification","working editorial intent; verify against GSC before retargeting","index, follow","https://superbuyitems.com/en/faq","200","pass"
"superbuyitems.com","https://superbuyitems.com/en/superbuy-items","/en/superbuy-items","Superbuy Items Guide | Build a Product Evidence File","Keep one evidence record for one intended variation.","superbuyitems superbuy items","working editorial intent; verify against GSC before retargeting","index, follow","https://superbuyitems.com/en/superbuy-items","200","pass"
"superbuyitems.com","https://superbuyitems.com/en/superbuy-product-links","/en/superbuy-product-links","Superbuy Product Links | Destination and Option Verification","A working URL is the start of the item check.","superbuyitems superbuy product links","working editorial intent; verify against GSC before retargeting","index, follow","https://superbuyitems.com/en/superbuy-product-links","200","pass"
"superbuyitems.com","https://superbuyitems.com/en/superbuy-qc","/en/superbuy-qc","Superbuy QC Photos | Received-Item Evidence Checklist","Compare what arrived with what was ordered.","superbuyitems superbuy qc","working editorial intent; verify against GSC before retargeting","index, follow","https://superbuyitems.com/en/superbuy-qc","200","pass"
"superbuyitems.com","https://superbuyitems.com/en/superbuy-review","/en/superbuy-review","Superbuy Item Review Method | Claims, Evidence and Unknowns","Explain what the evidence shows and where it stops.","superbuyitems superbuy review","working editorial intent; verify against GSC before retargeting","index, follow","https://superbuyitems.com/en/superbuy-review","200","pass"
"superbuyitems.com","https://superbuyitems.com/en/superbuy-shipping","/en/superbuy-shipping","Superbuy Item Shipping Inputs | From Warehouse Record to Parcel","Pass a complete Superbuy item file into parcel planning.","superbuyitems superbuy shipping","working editorial intent; verify against GSC before retargeting","index, follow","https://superbuyitems.com/en/superbuy-shipping","200","pass"
"tigbuyindex.com","https://tigbuyindex.com/en","/en","TigBuy Guide | Taobao Links, Fill and Buy and Transfer Orders","Map a TigBuy product link to the correct order workflow. Separate Fill and Buy from transfer orders.","tigbuyindex independent product research","working editorial intent; verify against GSC before retargeting","index, follow","https://tigbuyindex.com/en","200","pass"
"tigbuyindex.com","https://tigbuyindex.com/en/categories","/en/categories","TigBuy Taobao Products and Option Fields","Taobao Products and Option Fields for TigBuy research.","tigbuyindex category research","working editorial intent; verify against GSC before retargeting","index, follow","https://tigbuyindex.com/en/categories","200","pass"
"tigbuyindex.com","https://tigbuyindex.com/en/faq","/en/faq","TigBuy Taobao Links, Transfer Orders and Parcels","TigBuy questions answered from the responsible evidence stage.","tigbuyindex questions and verification","working editorial intent; verify against GSC before retargeting","index, follow","https://tigbuyindex.com/en/faq","200","pass"
"tigbuyindex.com","https://tigbuyindex.com/en/guide","/en/guide","TigBuy Fill and Buy Versus Transfer Orders","Map a TigBuy product link to the correct order workflow.","tigbuyindex guide","working editorial intent; verify against GSC before retargeting","index, follow","https://tigbuyindex.com/en/guide","200","pass"
"tigbuyindex.com","https://tigbuyindex.com/en/qc-checklist","/en/qc-checklist","TigBuy Inspection, Weighing and After-Sale Records","Compare TigBuy QC evidence with the exact saved request.","tigbuyindex qc checklist","working editorial intent; verify against GSC before retargeting","index, follow","https://tigbuyindex.com/en/qc-checklist","200","pass"
"tigbuyindex.com","https://tigbuyindex.com/en/safety","/en/safety","TigBuy Order, Warehouse and Delivery Evidence","Evaluate the current TigBuy evidence chain by stage.","tigbuyindex safety","working editorial intent; verify against GSC before retargeting","index, follow","https://tigbuyindex.com/en/safety","200","pass"
"tigbuyindex.com","https://tigbuyindex.com/en/shipping","/en/shipping","TigBuy Parcel Assembly and Logistics Inputs","Build a TigBuy parcel record from confirmed inputs.","tigbuyindex shipping","working editorial intent; verify against GSC before retargeting","index, follow","https://tigbuyindex.com/en/shipping","200","pass"
"tigbuyindex.com","https://tigbuyindex.com/en/source-check","/en/source-check","TigBuy Taobao Links, Sellers and Variations","Keep every TigBuy result attached to the responsible source.","tigbuyindex source check","working editorial intent; verify against GSC before retargeting","index, follow","https://tigbuyindex.com/en/source-check","200","pass"
"usfansindex.net","https://usfansindex.net/en","/en","USFans Spreadsheet Research | Independent Product Index","Build a USFans research record. Keep source facts separate from open questions.","usfansindex independent product research","working editorial intent; verify against GSC before retargeting","index, follow","https://usfansindex.net/en","200","pass"
"usfansindex.net","https://usfansindex.net/en/categories","/en/categories","USFans Categories | Product-Specific Source Check Fields","Use the category to decide which source facts must be checked.","usfansindex category research","working editorial intent; verify against GSC before retargeting","index, follow","https://usfansindex.net/en/categories","200","pass"
"usfansindex.net","https://usfansindex.net/en/faq","/en/faq","USFans Research FAQ | Sources, Warehouse QC and Parcels","Answer USFans research questions from the responsible record.","usfansindex questions and verification","working editorial intent; verify against GSC before retargeting","index, follow","https://usfansindex.net/en/faq","200","pass"
"usfansindex.net","https://usfansindex.net/en/parcel-guide","/en/parcel-guide","USFans Parcel Guide | Consolidation, Deposit and Final Shipping Fee","Separate the USFans shipping deposit from the final parcel fee.","usfansindex parcel guide","working editorial intent; verify against GSC before retargeting","index, follow","https://usfansindex.net/en/parcel-guide","200","pass"
"usfansindex.net","https://usfansindex.net/en/qc-record","/en/qc-record","USFans QC Record | Warehouse Images, Options and Evidence Gaps","Connect USFans warehouse evidence to the exact ordered item.","usfansindex qc record","working editorial intent; verify against GSC before retargeting","index, follow","https://usfansindex.net/en/qc-record","200","pass"
"usfansindex.net","https://usfansindex.net/en/source-check","/en/source-check","USFans Source Check | Taobao, Tmall and 1688 Product Records","Keep the marketplace identity attached to every USFans result.","usfansindex source check","working editorial intent; verify against GSC before retargeting","index, follow","https://usfansindex.net/en/source-check","200","pass"
"usfansindex.net","https://usfansindex.net/en/usfans-spreadsheet","/en/usfans-spreadsheet","How to Research a USFans Spreadsheet | Source-Check Guide","Build a USFans source-check record before choosing a route.","usfansindex usfans spreadsheet","working editorial intent; verify against GSC before retargeting","index, follow","https://usfansindex.net/en/usfans-spreadsheet","200","pass"
"vigorbuyindex.com","https://vigorbuyindex.com/en","/en","VigorBuy Guide | Cross-Channel Price and Product Comparison","Build a VigorBuy comparison row that can be checked again. A displayed price is not a complete purchase cost.","vigorbuyindex independent product research","working editorial intent; verify against GSC before retargeting","index, follow","https://vigorbuyindex.com/en","200","pass"
"vigorbuyindex.com","https://vigorbuyindex.com/en/categories","/en/categories","VigorBuy Comparable Fields Across Product Channels","Comparable Fields Across Product Channels for VigorBuy research.","vigorbuyindex category research","working editorial intent; verify against GSC before retargeting","index, follow","https://vigorbuyindex.com/en/categories","200","pass"
"vigorbuyindex.com","https://vigorbuyindex.com/en/faq","/en/faq","VigorBuy Price Comparisons and Cost Boundaries","VigorBuy questions answered from the responsible evidence stage.","vigorbuyindex questions and verification","working editorial intent; verify against GSC before retargeting","index, follow","https://vigorbuyindex.com/en/faq","200","pass"
"vigorbuyindex.com","https://vigorbuyindex.com/en/guide","/en/guide","VigorBuy Cross-Channel Product Comparison","Build a VigorBuy comparison row that can be checked again.","vigorbuyindex guide","working editorial intent; verify against GSC before retargeting","index, follow","https://vigorbuyindex.com/en/guide","200","pass"
"vigorbuyindex.com","https://vigorbuyindex.com/en/qc-checklist","/en/qc-checklist","VigorBuy Request Matching After Price Comparison","Compare VigorBuy QC evidence with the exact saved request.","vigorbuyindex qc checklist","working editorial intent; verify against GSC before retargeting","index, follow","https://vigorbuyindex.com/en/qc-checklist","200","pass"
"vigorbuyindex.com","https://vigorbuyindex.com/en/safety","/en/safety","VigorBuy Quotes, Payments and Order Evidence","Evaluate the current VigorBuy evidence chain by stage.","vigorbuyindex safety","working editorial intent; verify against GSC before retargeting","index, follow","https://vigorbuyindex.com/en/safety","200","pass"
"vigorbuyindex.com","https://vigorbuyindex.com/en/shipping","/en/shipping","VigorBuy Product Price Versus Parcel Cost","Build a VigorBuy parcel record from confirmed inputs.","vigorbuyindex shipping","working editorial intent; verify against GSC before retargeting","index, follow","https://vigorbuyindex.com/en/shipping","200","pass"
"vigorbuyindex.com","https://vigorbuyindex.com/en/source-check","/en/source-check","VigorBuy Channel, Seller, Option and Date","Keep every VigorBuy result attached to the responsible source.","vigorbuyindex source check","working editorial intent; verify against GSC before retargeting","index, follow","https://vigorbuyindex.com/en/source-check","200","pass"
"ydaexpress.net","https://ydaexpress.net/en","/en","YDA Express Parcel Forwarding Guide | Warehouse Checklist","Prepare the parcel record before comparing a route. Contents. Measurements. Restrictions. Handoff.","ydaexpress independent product research","working editorial intent; verify against GSC before retargeting","index, follow","https://ydaexpress.net/en","200","pass"
"ydaexpress.net","https://ydaexpress.net/en/categories","/en/categories","YDA Parcel Categories | Content-Specific Warehouse Checks","Let the parcel contents define the warehouse evidence required.","ydaexpress category research","working editorial intent; verify against GSC before retargeting","index, follow","https://ydaexpress.net/en/categories","200","pass"
"ydaexpress.net","https://ydaexpress.net/en/consolidation-planner","/en/consolidation-planner","YDA Express Consolidation Planner | Packaging and Parcel Inputs","Combine items only after their handling needs are visible.","ydaexpress consolidation planner","working editorial intent; verify against GSC before retargeting","index, follow","https://ydaexpress.net/en/consolidation-planner","200","pass"
"ydaexpress.net","https://ydaexpress.net/en/faq","/en/faq","YDA Express Parcel Guide FAQ | Warehouse and Forwarding Checks","Know where preparation ends and current service confirmation begins.","ydaexpress questions and verification","working editorial intent; verify against GSC before retargeting","index, follow","https://ydaexpress.net/en/faq","200","pass"
"ydaexpress.net","https://ydaexpress.net/en/parcel-brief","/en/parcel-brief","YDA Express Parcel Brief | Contents, Size and Destination","Write the parcel facts before opening a shipping comparison.","ydaexpress parcel brief","working editorial intent; verify against GSC before retargeting","index, follow","https://ydaexpress.net/en/parcel-brief","200","pass"
"ydaexpress.net","https://ydaexpress.net/en/tracking-handoff","/en/tracking-handoff","YDA Express Tracking Handoff | Warehouse to Carrier Record","A tracking number starts a new evidence stage.","ydaexpress tracking handoff","working editorial intent; verify against GSC before retargeting","index, follow","https://ydaexpress.net/en/tracking-handoff","200","pass"
"ydaexpress.net","https://ydaexpress.net/en/warehouse-checklist","/en/warehouse-checklist","YDA Express Warehouse Checklist | Receiving and Parcel Evidence","Confirm what arrived before deciding how it should leave.","ydaexpress warehouse checklist","working editorial intent; verify against GSC before retargeting","index, follow","https://ydaexpress.net/en/warehouse-checklist","200","pass"
"ydaexpress.org","https://ydaexpress.org/en","/en","YDA Express Service Review | Terms, Quotes and Source Checks","Match every service claim to a current source. Separate published facts from open questions.","ydaexpress independent product research","working editorial intent; verify against GSC before retargeting","index, follow","https://ydaexpress.org/en","200","pass"
"ydaexpress.org","https://ydaexpress.org/en/categories","/en/categories","YDA Source Review Categories | Evidence by Service Question","Match each category question to the source responsible for it.","ydaexpress category research","working editorial intent; verify against GSC before retargeting","index, follow","https://ydaexpress.org/en/categories","200","pass"
"ydaexpress.org","https://ydaexpress.org/en/faq","/en/faq","YDA Express Service Review FAQ | Official Sources and Terms","Know what this archive can verify and what must be reopened.","ydaexpress questions and verification","working editorial intent; verify against GSC before retargeting","index, follow","https://ydaexpress.org/en/faq","200","pass"
"ydaexpress.org","https://ydaexpress.org/en/quote-evidence","/en/quote-evidence","YDA Express Shipping Quote Evidence | Inputs and Limitations","A quote is reproducible only when its inputs and date are preserved.","ydaexpress quote evidence","working editorial intent; verify against GSC before retargeting","index, follow","https://ydaexpress.org/en/quote-evidence","200","pass"
"ydaexpress.org","https://ydaexpress.org/en/service-map","/en/service-map","YDA Express Service Map | Shopping, Warehouse and Forwarding","Assign each claim to the service stage that can support it.","ydaexpress service map","working editorial intent; verify against GSC before retargeting","index, follow","https://ydaexpress.org/en/service-map","200","pass"
"ydaexpress.org","https://ydaexpress.org/en/shopping-agent-vs-forwarding","/en/shopping-agent-vs-forwarding","YDA Express Shopping Agent vs Parcel Forwarding | Evidence Guide","Determine which workflow you are researching before comparing details.","ydaexpress shopping agent vs forwarding","working editorial intent; verify against GSC before retargeting","index, follow","https://ydaexpress.org/en/shopping-agent-vs-forwarding","200","pass"
"ydaexpress.org","https://ydaexpress.org/en/terms-checklist","/en/terms-checklist","YDA Express Terms Checklist | Date, Scope and Restrictions","Read the operative scope instead of extracting one attractive sentence.","ydaexpress terms checklist","working editorial intent; verify against GSC before retargeting","index, follow","https://ydaexpress.org/en/terms-checklist","200","pass"
"yoybuyindex.com","https://yoybuyindex.com/en","/en","YoyBuy Spreadsheet Guide | Source, QC and Shipping Checks","Read the row before opening the route. Source. Option. QC. Packed weight.","yoybuyindex independent product research","working editorial intent; verify against GSC before retargeting","index, follow","https://yoybuyindex.com/en","200","pass"
"yoybuyindex.com","https://yoybuyindex.com/en/categories","/en/categories","YoyBuy Spreadsheet Categories | Product-Specific Research Fields","Let the product type decide which evidence belongs in the row.","yoybuyindex category research","working editorial intent; verify against GSC before retargeting","index, follow","https://yoybuyindex.com/en/categories","200","pass"
"yoybuyindex.com","https://yoybuyindex.com/en/faq","/en/faq","YoyBuy Spreadsheet FAQ | Sources, QC and Shipping Records","Keep every answer attached to its evidence stage.","yoybuyindex questions and verification","working editorial intent; verify against GSC before retargeting","index, follow","https://yoybuyindex.com/en/faq","200","pass"
"yoybuyindex.com","https://yoybuyindex.com/en/qc-checklist","/en/qc-checklist","YoyBuy QC Checklist | Compare Request, Source and Received Item","Ask whether the received item matches the saved request.","yoybuyindex qc checklist","working editorial intent; verify against GSC before retargeting","index, follow","https://yoybuyindex.com/en/qc-checklist","200","pass"
"yoybuyindex.com","https://yoybuyindex.com/en/safety","/en/safety","Is YoyBuy Safe and Legit? A Current Evidence Checklist","Review the current transaction path instead of relying on one label.","yoybuyindex safety","working editorial intent; verify against GSC before retargeting","index, follow","https://yoybuyindex.com/en/safety","200","pass"
"yoybuyindex.com","https://yoybuyindex.com/en/search-ideas","/en/search-ideas","YoyBuy Search Ideas | Refine Taobao and 1688 Product Queries","Use each query to remove ambiguity from the next source check.","yoybuyindex search ideas","working editorial intent; verify against GSC before retargeting","index, follow","https://yoybuyindex.com/en/search-ideas","200","pass"
"yoybuyindex.com","https://yoybuyindex.com/en/shipping","/en/shipping","YoyBuy Shipping Research | Actual Weight, Packaging and Routes","Replace listing estimates with the final parcel record.","yoybuyindex shipping","working editorial intent; verify against GSC before retargeting","index, follow","https://yoybuyindex.com/en/shipping","200","pass"
"yoybuyindex.com","https://yoybuyindex.com/en/spreadsheet","/en/spreadsheet","YoyBuy Spreadsheet Guide | Build a Source-First Product Row","Make every row reopenable before making it comparable.","yoybuyindex spreadsheet","working editorial intent; verify against GSC before retargeting","index, follow","https://yoybuyindex.com/en/spreadsheet","200","pass"
